abscodi,direction,latitude,longitude
076,"Carrer DOS DE MAIG 288, 08025 Barcelona",41.4101244,2.1783577
302,"Carrer MAJOR 89, 08110 Barcelona",41.4835194,2.1867983
302,"Carrer MAJOR 25, 08110 Barcelona",41.485456,2.1880296
302,"Carrer JAUME I 26, 08110 Barcelona",41.481979,2.1887606
075,"Carrer MALLORCA 519, 08026 Barcelona",41.40853389999999,2.1818134
032,"Carrer SALVA 33, 08004 Barcelona",41.3732019,2.1659654
035,"Carrer CREU COBERTA 95, 08014 Barcelona",41.3751519,2.1433218
049,"Carrer GRAN DE GRACIA 237, 08012 Barcelona",41.4052862,2.1506455
046,"Carrer TEODORA LAMADRID 27, 08022 Barcelona",41.4066023,2.136901
024,"Gran Via CORTS CATALANES 527, 08011 Barcelona",41.3826445,2.1586273
036,"Carrer PANISSARS 13, 08028 Barcelona",41.3762747,2.1331402
020,"Carrer XUCLA 21, 08001 Barcelona",41.3835762,2.1697034
072,"Carrer MARIA AGUILO 125, 08005 Barcelona",41.4001111,2.2052034
033,"Carrer ELKANO 70, 08004 Barcelona",41.3739643,2.1609012
018,"Carrer AMPLE 25, 08002 Barcelona",41.3800278,2.1794799
035,"Carrer CONSELL DE CENT 22, 08014 Barcelona",41.376016,2.1449153
027,"Rambla CATALUNYA 66, 08007 Barcelona",41.391848,2.1633288
027,"Passeig SANT JOAN 117, 08037 Barcelona",41.4001546,2.1678005
054,"Rambla CARMEL 44, 08032 Barcelona",41.4252651,2.1576212
027,"Carrer BAILEN 113, 08009 Barcelona",41.3976466,2.1694634
048,"Carrer RAMON Y CAJAL 24, 08012 Barcelona",41.4024378,2.1586657
017,"Carrer SOMBRERERS 19, 08003 Barcelona",41.3840476,2.1818567
021,"Carrer COMTE BORRELL 68, 08015 Barcelona",41.3791556,2.1605474
017,"Carrer SANT PERE MES BAIX 17, 08003 Barcelona",41.3868016,2.1766532
027,"Carrer BRUC 64, 08009 Barcelona",41.3933219,2.1712937
030,"Gran Via CORTS CATALANES 669 bis, 08013 Barcelona",41.396097,2.176688
018,"Carrer DUC DE LA VICTORIA 10, 08002 Barcelona",41.3846048,2.1728289
028,"Carrer CASP 151, 08013 Barcelona",41.398665,2.1825045
326,"Carrer SANT ANTONI MARIA CLARET 181, 08041 Barcelona",41.4142202,2.1781859
028,"Gran Via CORTS CATALANES 688, 08010 Barcelona",41.3930619,2.1738039
036,"Carrer SANTS 5, 08014 Barcelona",41.3751772,2.1405746
027,"Carrer PAU CLARIS 111, 08009 Barcelona",41.3917894,2.1680212
018,"Carrer COMTAL 25, 08002 Barcelona",41.3867828,2.1739419
017,"Carrer SANT PERE MES BAIX 52, 08003 Barcelona",41.3877594,2.178185
073,"Carrer PERE IV 210, 08005 Barcelona",41.40371589999999,2.1987114
024,"Carrer CONSELL DE CENT 253, 08011 Barcelona",41.3867398,2.1597439
048,"Carrer VERDI 7, 08012 Barcelona",41.4030752,2.157524
024,"Gran Via CORTS CATALANES 571, 08011 Barcelona",41.3850761,2.1619002
045,"Carrer MAJOR DE SARRIA 70, 08017 Barcelona",41.3981162,2.1225845
067,"Carrer NAVAS DE TOLOSA 375, 08041 Barcelona",41.4189347,2.1818518
049,"Carrer VERDI 70, 08012 Barcelona",41.4051135,2.1557107
018,"Carrer PORTAFERRISSA 1, 08002 Barcelona",41.3833529,2.1719655
028,"Plaça URQUINAONA 8, 08010 Barcelona",41.3891092,2.1739544
017,"Avinguda MARQUES DE L'ARGENTERA 5, 08003 Barcelona",41.3839412,2.1840566
027,"Passeig SANT JOAN 101, 08037 Barcelona",41.3993869,2.1691056
048,"Carrer MONTMANY 7, 08012 Barcelona",41.4037486,2.1607079
020,"Carrer HOSPITAL 70, 08001 Barcelona",41.3801722,2.1692976
032,"Carrer ROSER 28, 08004 Barcelona",41.373506,2.1665626
076,"Carrer INDEPENDENCIA 345, 08026 Barcelona",41.4106084,2.179518
027,"Avinguda DIAGONAL 440, 08037 Barcelona",41.3971584,2.1609309
018,"Rambla RAMBLA 38, 08002 Barcelona",41.3790591,2.1753818
025,"Carrer ENRIC GRANADOS 155, 08008 Barcelona",41.3945018,2.1533287
025,"Rambla CATALUNYA 77, 08007 Barcelona",41.3916222,2.1624085
065,"Carrer SAGRERA 110, 08027 Barcelona",41.4241644,2.1911928
019,"Carrer NOU DE RAMBLA 75, 08001 Barcelona",41.3763357,2.1716392
044,"Carrer TRINQUET 8-10, 08034 Barcelona",41.395635,2.120913
036,"Carrer BASSEGODA 11, 08028 Barcelona",41.375058,2.1257234
076,"Passeig MARAGALL 20, 08026 Barcelona",41.4144256,2.1810549
046,"Avinguda REPUBLICA ARGENTINA 175, 08023 Barcelona",41.4114334,2.1425888
021,"Avinguda MISTRAL 66, 08015 Barcelona",41.3757871,2.153016
072,"Carrer PALLARS 328, 08005 Barcelona",41.40641979999999,2.2049503
047,"Carrer BAILEN 200, 08037 Barcelona",41.4017323,2.1644974
047,"Carrer NAPOLS 271, 08025 Barcelona",41.4027173,2.1693911
044,"Carrer VERGÓS 5, 08017 Barcelona",41.3996606,2.1313108
027,"Carrer ROGER DE LLURIA 37, 08009 Barcelona",41.392211,2.1698394
395,"Carrer PONS I GALLARZA 92, 08030 Barcelona",41.4357136,2.1850677
032,"Carrer BLASCO DE GARAY 10, 08004 Barcelona",41.3744038,2.1629582
043,"Carrer MUNTANER 476, 08006 Barcelona",41.402576,2.138433
045,"Plaça VALLVIDRERA 5, 08017 Barcelona",41.4129592,2.1047223
032,"Plaça SORTIDOR 7, 08004 Barcelona",41.3722758,2.1620354
042,"Carrer ALFONS XII 61, 08006 Barcelona",41.3998158,2.1480138
056,"Carrer FELIU I CODINA 14-18, 08031 Barcelona",41.4325808,2.1606786
019,"Rambla DEL RAVAL 14, 08001 Barcelona",41.3783542,2.1692779
027,"Carrer ROSSELLO 284, 08037 Barcelona",41.3993163,2.1655296
036,"Rambla BRASIL 14, 08028 Barcelona",41.3764297,2.1305983
048,"Carrer PLANETA 39, 08012 Barcelona",41.40199579999999,2.1568346
033,"Carrer SANT FRUCTUOS 29, 08004 Barcelona",41.3714233,2.146809
075,"Carrer NACIO 42, 08026 Barcelona",41.4133953,2.1847797
032,"Carrer POETA CABANYES 67, 08004 Barcelona",41.3724795,2.1647452
046,"Carrer BISBE SIVILLA 40, 08022 Barcelona",41.4042992,2.1345889
028,"Carrer ROGER DE LLURIA 17, 08010 Barcelona",41.3906952,2.1716008
042,"Carrer MUNTANER 356, 08021 Barcelona",41.3987151,2.1435962
017,"Carrer FONOLLAR 26, 08003 Barcelona",41.3872991,2.1789284
024,"Carrer PELAI 9, 08001 Barcelona",41.3859194,2.166553
044,"Via AUGUSTA 276, 08017 Barcelona",41.3979364,2.1308868
018,"Carrer AVINYO 32, 08002 Barcelona",41.380766,2.1775621
039,"Travessera DE LES CORTS 332, 08029 Barcelona",41.3890444,2.1390953
017,"Plaça DE LA LLANA 11, 08003 Barcelona",41.3852213,2.179422
065,"Carrer SAGRERA 146, 08027 Barcelona",41.4250498,2.1911455
031,"Carrer ROSSELLO 437, 08025 Barcelona",41.4057196,2.1734435
395,"Carrer GRAN DE SANT ANDREU 91, 08030 Barcelona",41.4303011,2.1895748
073,"Carrer PALLARS 231, 08005 Barcelona",41.4027973,2.1997101
050,"Avinguda REPUBLICA ARGENTINA 270, 08023 Barcelona",41.4136897,2.1385148
025,"Carrer MUNTANER 223, 08036 Barcelona",41.393759,2.1497877
031,"Carrer CARTAGENA 267, 08025 Barcelona",41.408899,2.1769756
028,"Carrer CASP 146 A, 08013 Barcelona",41.3959212,2.1795954
042,"Carrer MUNTANER 254, 08021 Barcelona",41.3950891,2.148671100000001
043,"Ronda GENERAL MITRE 230, 08006 Barcelona",41.4056511,2.1483721
071,"Carrer LLULL 102, 08005 Barcelona",41.3962234,2.1958788
038,"Avinguda DE MADRID 222, 08014 Barcelona",41.3815058,2.135324
023,"Carrer PARIS 111, 08029 Barcelona",41.389651,2.147751
016,"Carrer ANDREA DORIA 14, 08003 Barcelona",41.3802361,2.1904648
027,"Carrer CONSELL DE CENT 312, 08007 Barcelona",41.3915865,2.1665054
016,"Carrer MAQUINISTA 9, 08003 Barcelona",41.3806741,2.1882459
025,"Carrer ROSSELLO 215, 08008 Barcelona",41.3931437,2.1568044
021,"Carrer CALABRIA 61, 08015 Barcelona",41.3778192,2.1572074
075,"Carrer ROGENT 54, 08026 Barcelona",41.4096983,2.1843477
036,"Carrer DE SANTS 32-34, 08014 Barcelona",41.3754896,2.1394043
036,"Carrer SAGUNT 83, 08014 Barcelona",41.3722113,2.1352327
072,"Carrer DOCTOR TRUETA 234, 08005 Barcelona",41.3992616,2.2046292
027,"Carrer ROGER DE LLURIA 123, 08037 Barcelona",41.3967521,2.1638384
048,"Travessera DE GRACIA 194, 08012 Barcelona",41.4026815,2.1602776
047,"Carrer SANT ANTONI MARIA CLARET 40, 08025 Barcelona",41.4046364,2.1658059
056,"Baixada MERCAT 2, 08032 Barcelona",41.4299645,2.1606496
020,"Carrer HOSPITAL 42, 08001 Barcelona",41.3808591,2.1714956
018,"Carrer BANYS NOUS 14, 08002 Barcelona",41.3825334,2.1749362
067,"Carrer SANT ANTONI MARIA CLARET 460, 08027 Barcelona",41.4196143,2.1859637
018,"Carrer FERRAN 7, 08002 Barcelona",41.3807076,2.174551
022,"Carrer ARAGO 97, 08015 Barcelona",41.3821567,2.1512211
023,"Carrer COMTE D'URGELL 153, 08036 Barcelona",41.3873204,2.1512594
017,"Carrer CARDERS 3, 08003 Barcelona",41.3858957,2.1798582
069,"Carrer SANT ADRIA 131, 08030 Barcelona",41.4363539,2.2055648
047,"Travessera DE GRACIA 333, 08025 Barcelona",41.4070849,2.1667283
395,"Plaça DE LES PALMERES 9, 08030 Barcelona",41.43278129999999,2.1856149
396,"Carrer PALOMAR 28, 08030 Barcelona",41.4419866,2.1896726
029,"Carrer ARAGO 476, 08013 Barcelona",41.4036672,2.1803539
070,"Carrer TORNE 12, 08033 Barcelona",41.4489473,2.1910104
071,"Carrer SARDENYA 61, 08018 Barcelona",41.3924663,2.1875487
019,"Carrer SANT PAU 112, 08001 Barcelona",41.3764419,2.1691245
035,"Carrer SANT ROC 26, 08014 Barcelona",41.3747385,2.1454239
072,"Passeig GARCIA FARIA 25, 08005 Barcelona",41.4014883,2.2107471
030,"Carrer DIPUTACIO 391-395, 08013 Barcelona",41.3974377,2.1761623
056,"Carrer FULTON 18, 08031 Barcelona",41.4301825,2.1615886
024,"Carrer DIPUTACIO 157, 08011 Barcelona",41.38415579999999,2.1585741
030,"Gran Via DE LES CORTS CATALANES 731, 08013 Barcelona",41.3986302,2.1799567
020,"Ronda SANT ANTONI 12, 08001 Barcelona",41.3793064,2.1634632
077,"Carrer SANT JOAN DE MALTA 43, 08018 Barcelona",41.4089764,2.1923616
042,"Via AUGUSTA 113, 08006 Barcelona",41.4007426,2.1464451
024,"Carrer GRAN VIA DE LES CORTS CATALANES 560, 08011 Barcelona",41.3834692,2.1607944
036,"Carrer SANT MEDIR 12, 08028 Barcelona",41.3747713,2.1328455
032,"Carrer NOU DE LA RAMBLA 147, 08004 Barcelona",41.3727956,2.1679253
028,"Carrer CASP 68, 08010 Barcelona",41.3920068,2.1743933
017,"Plaça SANT AGUSTI VELL 11, 08003 Barcelona",41.3881036,2.1806914
043,"Carrer MUNTANER 393, 08021 Barcelona",41.3996955,2.1419168
020,"Carrer TALLERS 42, 08001 Barcelona",41.3848997,2.1678017
017,"Carrer PRINCESA 7, 08003 Barcelona",41.3844938,2.1792768
022,"Gran Via DE LES CORTS CATALANES 469, 08015 Barcelona",41.3799031,2.1551981
071,"Carrer LLACUNA 100-102, 08018 Barcelona",41.4030314,2.1965917
017,"Plaça COMERCIAL 9, 08003 Barcelona",41.385262,2.1834585
027,"Passeig GRACIA 90, 08008 Barcelona",41.3950779,2.1622823
048,"Carrer LUIS ANTUNEZ 5, 08006 Barcelona",41.3985803,2.1557875
396,"Carrer GRAN DE SANT ANDREU 435, 08030 Barcelona",41.4406267,2.1882646
395,"Carrer GRAN DE SANT ANDREU 260, 08030 Barcelona",41.4351432,2.1898967
025,"Carrer PROVENÇA 156, 08036 Barcelona",41.3878039,2.1526024
028,"Carrer PAU CLARIS 83, 08010 Barcelona",41.3896851,2.1706781
020,"Ronda SANT ANTONI 88, 08001 Barcelona",41.3839351,2.1641469
036,"Carrer SANTS 234, 08028 Barcelona",41.3756436,2.129306
036,"Carrer SANTS 151, 08028 Barcelona",41.3753068,2.132578800000001
021,"Gran Via DE LES CORTS CATALANES 424, 08015 Barcelona",41.3775089,2.152871
046,"Avinguda REPUBLICA ARGENTINA 67, 08023 Barcelona",41.4097675,2.1460729
025,"Carrer ARIBAU 179, 08036 Barcelona",41.393942,2.1518031
071,"Carrer DOCTOR TRUETA 147, 08005 Barcelona",41.3959224,2.1996687
073,"Carrer PERE IV 364-370, 08019 Barcelona",41.4096369,2.2030027
036,"Carrer BURGOS 68, 08014 Barcelona",41.3728846,2.1354298
025,"Carrer VALENCIA 224, 08007 Barcelona",41.3896147,2.1595785
024,"Carrer ARAGO 260, 08007 Barcelona",41.3907427,2.163287
021,"Carrer TAMARIT 89, 08015 Barcelona",41.3754865,2.1564015
038,"Carrer COMTES DE BELL-LLOC 140, 08014 Barcelona",41.38192979999999,2.1365752
077,"Carrer CLOT 114, 08018 Barcelona",41.4093773,2.1890539
036,"Carrer ALCOLEA 73, 08014 Barcelona",41.3775118,2.1360728
071,"Carrer CIUTAT DE GRANADA 81, 08005 Barcelona",41.3996285,2.1961992
048,"Carrer TORRENT DE L'OLLA 67, 08012 Barcelona",41.4008726,2.1587041
024,"Carrer VILLARROEL 53, 08011 Barcelona",41.3826696,2.1599724
030,"Plaça SAGRADA FAMILIA 7, 08013 Barcelona",41.40226,2.17207
048,"Plaça RIUS i TAULET 4, 08012 Barcelona",41.3841423,2.1726373
025,"Carrer COMTE D'URGELL 132, 08011 Barcelona",41.3850392,2.1550043
048,"Carrer GRAN DE GRACIA 166, 08012 Barcelona",41.4024221,2.1528206
048,"Plaça LLIBERTAT 2, 08012 Barcelona",41.39994979999999,2.1538694
396,"Carrer GRAN DE SANT ANDREU 306, 08030 Barcelona",41.4370674,2.1897257
043,"Carrer MUNTANER 510-512, 08022 Barcelona",41.4041539,2.1365843
042,"Carrer MUNTANER 322, 08021 Barcelona",41.3973472,2.1454225
024,"Carrer BALMES 18, 08007 Barcelona",41.3871318,2.1659391
036,"Carrer OLZINELLES 21, 08014 Barcelona",41.3735544,2.1365819
048,"Rambla DE PRAT 23, 08012 Barcelona",41.4011369,2.1516571
028,"Carrer AUSIAS MARC 31, 08010 Barcelona",41.3913313,2.1753492
071,"Avinguda DEL BOGATELL 19-21, 08005 Barcelona",41.3926881,2.1964338
042,"Carrer AMIGO 30, 08021 Barcelona",41.39496219999999,2.1450613
385,"Passeig FABRA I PUIG 210, 08016 Barcelona",41.43039,2.1779697
033,"Avinguda PARAL.LEL 131, 08004 Barcelona",41.3747062,2.1594141
072,"Carrer PUJADES 247, 08005 Barcelona",41.4047475,2.2040893
033,"Plaça SANTA MADRONA 8-9, 08004 Barcelona",41.373678,2.1562833
021,"Carrer PARLAMENT 17, 08015 Barcelona",41.3760124,2.1617718
028,"Ronda SANT PERE 15, 08010 Barcelona",41.3887405,2.1717569
032,"Carrer VILA VILA 57 bis, 08004 Barcelona",41.3736714,2.1701282
056,"Plaça EIVISSA 14, 08031 Barcelona",41.4309431,2.1608528
326,"Carrer SANT ANTONI MARIA CLARET 229, 08041 Barcelona",41.4154519,2.1798408
018,"Carrer JOSEP ANSELM CLAVE 3, 08002 Barcelona",41.3770297,2.1773787
076,"Carrer TRINXANT 65, 08026 Barcelona",41.4149569,2.1848885
067,"Carrer GARCILASO 138, 08027 Barcelona",41.4233044,2.1835337
075,"Carrer MALLORCA 591, 08026 Barcelona",41.4111777,2.1855153
039,"Carrer BERLIN 71, 08029 Barcelona",41.3838935,2.1398647
072,"Carrer MARIA AGUILO 53, 08005 Barcelona",41.4024223,2.2014823
023,"Carrer PROVENÇA 71, 08029 Barcelona",41.3852599,2.1484584
049,"Plaça LESSEPS 11, 08023 Barcelona",41.407019,2.1510484
019,"Carrer CARRETES 35, 08001 Barcelona",41.3774386,2.1674868
395,"Carrer DEL MERCAT 11, 08030 Barcelona",41.4346627,2.1891112
042,"Carrer FERRAN AGULLO 4, 08021 Barcelona",41.3950515,2.141603
031,"Avinguda GAUDI 85, 08025 Barcelona",41.4106732,2.1741345
029,"Carrer PROVENÇA 506, 08025 Barcelona",41.4066887,2.1777452
027,"Passeig GRACIA 50, 08007 Barcelona",41.3920533,2.1657372
040,"Carrer SOLA 1, 08014 Barcelona",41.3870018,2.1323461
077,"Carrer CLOT 50, 08018 Barcelona",41.4073607,2.1881429
017,"Carrer VIA LAIETANA 40, 08003 Barcelona",41.3860482,2.1764343
022,"Carrer DIPUTACIO 106, 08015 Barcelona",41.3814093,2.1553395
031,"Carrer SARDENYA 334, 08025 Barcelona",41.4042387,2.1726469
025,"Carrer ENRIC GRANADOS 117, 08008 Barcelona",41.3930496,2.1552486
046,"Carrer BALMES 395, 08022 Barcelona",41.4064067,2.1386629
358,"Travessera DE DALT 91, 08024 Barcelona",41.4109835,2.1569059
077,"Carrer CLOT 184, 08026 Barcelona",41.4124568,2.1901426
029,"Carrer VALENCIA 418, 08013 Barcelona",41.4018429,2.1757319
041,"Carrer ARIZALA 48, 08028 Barcelona",41.3779153,2.1242528
018,"Plaça REGOMIR 3, 08002 Barcelona",41.38151310000001,2.1787656
045,"Carrer MAJOR DE SARRIA 188, 08017 Barcelona",41.4022467,2.1193084
047,"Carrer INDUSTRIA 80, 08025 Barcelona",41.4058689,2.1697739
020,"Carrer CARME 23, 08001 Barcelona",41.3821622,2.170747
027,"Carrer ARAGO 286, 08009 Barcelona",41.3933513,2.1667237
028,"Carrer PADILLA 156, 08013 Barcelona",41.4007801,2.1839925
047,"Carrer SARDENYA 487, 08025 Barcelona",41.4095456,2.1649505
047,"Carrer CORSEGA 446, 08037 Barcelona",41.4021971,2.1673399
024,"Carrer ARIBAU 18, 08011 Barcelona",41.3864857,2.1622625
019,"Carrer SANT ANTONI ABAT 1, 08001 Barcelona",41.37933,2.16583
025,"Carrer MUNTANER 184, 08036 Barcelona",41.3924704,2.1519818
048,"Passeig DE GRACIA 129, 08008 Barcelona",41.3975422,2.1576492
075,"Avinguda MERIDIANA 117, 08026 Barcelona",41.408093,2.1865057
024,"Plaça CATALUNYA 1, 08002 Barcelona",41.3860439,2.1692976
036,"Carrer SANTS 145, 08028 Barcelona",41.3753619,2.1330756
018,"Rambla LA RAMBLA 44, 08002 Barcelona",41.3794866,2.1750545
021,"Gran Via CORTS CATALANES 470, 08015 Barcelona",41.3795529,2.1555989
025,"Carrer BALMES 94, 08008 Barcelona",41.3915969,2.1600281
027,"Carrer ROGER DE LLURIA 51, 08009 Barcelona",41.3933958,2.1683152
055,"Carrer ROIG I SOLER 5-7, 08035 Barcelona",41.4676866,2.2416204
027,"Carrer GIRONA 90, 08009 Barcelona",41.39613380000001,2.1695697
048,"Carrer SANT DOMENEC 20, 08012 Barcelona",41.4000067,2.1569004
019,"Avinguda PARAL.LEL 48, 08001 Barcelona",41.3751027,2.1716431
075,"Carrer ARAGO 537, 08026 Barcelona",41.40654079999999,2.1838101
048,"Travessera DE GRACIA 166, 08012 Barcelona",41.4012438,2.1578061
076,"Carrer MUNTANYA 79, 08026 Barcelona",41.4120207,2.1845053
028,"Passeig SANT JOAN 3, 08010 Barcelona",41.39182659999999,2.1790293
025,"Carrer MALLORCA 131, 08036 Barcelona",41.3872764,2.1536509
020,"Rambla CANALETES 121, 08002 Barcelona",41.384856,2.1704856
016,"Carrer SANT CARLES 7, 08003 Barcelona",41.3790544,2.1887021
023,"Carrer PROVENÇA 39, 08029 Barcelona",41.3839596,2.1468469
027,"Carrer BRUC 114, 08009 Barcelona",41.3961185,2.1673085
020,"Carrer JOAQUIN COSTA 31, 08001 Barcelona",41.3822031,2.1657387
035,"Carrer CREU COBERTA 71, 08014 Barcelona",41.3750267,2.1455662
056,"Carrer PORTO 30-36, 08032 Barcelona",41.4306091,2.1566006
024,"Carrer SEPULVEDA 170, 08011 Barcelona",41.38298530000001,2.1624005
072,"Carrer RAMON TURRO 252, 08005 Barcelona",41.4021642,2.2062407
053,"Carrer SANTUARI 53, 08032 Barcelona",41.4210536,2.1522955
030,"Carrer NAPOLS 258, 08025 Barcelona",41.4021378,2.1707438
016,"Carrer GINEBRA 13, 08003 Barcelona",41.3816084,2.1881204
027,"Carrer BRUC 134, 08037 Barcelona",41.3969866,2.1662943
024,"Carrer ARIBAU 20, 08011 Barcelona",41.3867102,2.1618728
395,"Carrer GRAN DE SANT ANDREU 186, 08030 Barcelona",41.4330301,2.1895031
017,"Passeig BORN 11, 08003 Barcelona",41.3845158,2.1824944
395,"Carrer LLENGUADOC 118, 08030 Barcelona",41.4303435,2.1849138
051,"Avinguda MARE DE DEU DE MONTSERRAT 49, 08024 Barcelona",41.414608,2.1635264
017,"Carrer MONTCADA 10, 08003 Barcelona",41.38521129999999,2.1806679
046,"Carrer BALMES 431, 08022 Barcelona",41.4086615,2.1375
016,"Passeig JOAN DE BORBO COMTE DE BARCELONA 33, 08003 Barcelona",41.3765375,2.1890429
019,"Carrer NOU DE LA RAMBLA 28, 08001 Barcelona",41.3782721,2.1732228
020,"Ronda SANT ANTONI 40, 08001 Barcelona",41.38065,2.1635462
385,"Carrer AMILCAR 7, 08031 Barcelona",41.4298815,2.1720944
024,"Carrer MUNTANER 67 BIS, 08011 Barcelona",41.38683959999999,2.1589593
025,"Carrer MUNTANER 147, 08036 Barcelona",41.3904876,2.1541165
017,"Plaça SANT PERE 5, 08003 Barcelona",41.3891356,2.1793628
077,"Gran Via CORTS CATALANES 931-941, 08018 Barcelona",41.4102107,2.1951066
030,"Carrer DIPUTACIO 336, 08009 Barcelona",41.3960943,2.1747976
040,"Avinguda DE SARRIA 52-54, 08029 Barcelona",41.3910187,2.1410401
021,"Carrer VILADOMAT 60 BIS, 08015 Barcelona",41.3776819,2.1603226
028,"Gran Via CORTS CATALANES 748, 08013 Barcelona",41.39747920000001,2.1795384
023,"Carrer VILADOMAT 295, 08029 Barcelona",41.3884112,2.1451972
038,"Carrer VALLESPIR 45, 08014 Barcelona",41.3794502,2.1368341
022,"Carrer ROCAFORT 92, 08015 Barcelona",41.38003339999999,2.1526928
032,"Carrer ROSER 39, 08004 Barcelona",41.3729873,2.1665722
047,"Travessera DE GRACIA 235, 08012 Barcelona",41.4038923,2.1616525
025,"Carrer ARIBAU 62, 08011 Barcelona",41.38869709999999,2.1592414
017,"Avinguda FRANCESC CAMBO 12, 08003 Barcelona",41.3857313,2.1775899
067,"Passeig MARAGALL 170, 08027 Barcelona",41.4249725,2.176822
027,"Rambla CATALUNYA 102, 08008 Barcelona",41.3940533,2.1598979
016,"Carrer BALUARD 34, 08003 Barcelona",41.3802374,2.1888022
031,"Avinguda GAUDI 71, 08025 Barcelona",41.4099172,2.1741766
027,"Carrer GIRONA 72, 08009 Barcelona",41.3952452,2.1709482
021,"Carrer COMTE BORRELL 133, 08015 Barcelona",41.3809198,2.1577618
025,"Carrer CASANOVA 165, 08036 Barcelona",41.3916947,2.150262
069,"Passatge POSOLTEGA 8 BIS, 08030 Barcelona",41.4379579,2.1967421
027,"Carrer VALENCIA 278, 08007 Barcelona",41.3933087,2.1647106
029,"Carrer MALLORCA 468, 08013 Barcelona",41.4057656,2.1786398
042,"Carrer SANTALO 53, 08021 Barcelona",41.3966175,2.1444186
027,"Carrer MALLORCA 312, 08037 Barcelona",41.3973323,2.1676072
021,"Avinguda MISTRAL 48, 08015 Barcelona",41.3762971,2.1546493
020,"Carrer PINTOR FORTUNY 31, 08001 Barcelona",41.3822978,2.1688201
077,"Carrer CLOT 57, 08018 Barcelona",41.407969,2.1881998
035,"Carrer VILARDELL 9, 08014 Barcelona",41.37473260000001,2.1422431
024,"Ronda SANT ANTONI 15, 08011 Barcelona",41.37995919999999,2.1630769
062,"Carrer MIGUEL HERNANDEZ 17, 08042 Barcelona",41.4431188,2.1646571
030,"Carrer CONSELL DE CENT 475 BIS, 08013 Barcelona",41.3994691,2.1766514
018,"Carrer SANTA ANNA 21, 08002 Barcelona",41.3853775,2.1714473
020,"Carrer RIERA ALTA 59, 08001 Barcelona",41.3803344,2.164406
048,"Carrer GRAN DE GRACIA 58, 08012 Barcelona",41.3995139,2.1560649
395,"Carrer GRAN DE SANT ANDREU 263, 08030 Barcelona",41.4356004,2.1894935
036,"Carrer VALLESPIR 13, 08014 Barcelona",41.378118,2.1378667
021,"Carrer VILADOMAT 40, 08015 Barcelona",41.376841,2.1613906
042,"Carrer BALMES 173, 08006 Barcelona",41.3959606,2.1536385
043,"Carrer BALMES 338, 08006 Barcelona",41.4033671,2.1435631
326,"Passeig MARAGALL 177, 08041 Barcelona",41.4228744,2.1782042
035,"Carrer OLZINELLES 71, 08014 Barcelona",41.37161280000001,2.1372604
027,"Carrer ROGER DE LLURIA 74, 08009 Barcelona",41.3948181,2.1668128
030,"Carrer VALENCIA 393, 08013 Barcelona",41.4011857,2.174408
019,"Carrer SANT PAU 70, 08001 Barcelona",41.37808950000001,2.1708458
069,"Carrer POTOSI 2, 08030 Barcelona",41.4427678,2.2002319
020,"Carrer SANT ANTONI ABAT 44, 08001 Barcelona",41.379067,2.1640159
072,"Carrer LLULL 187, 08005 Barcelona",41.4013026,2.202207
030,"Carrer MARINA 189, 08013 Barcelona",41.4001386,2.1794652
029,"Carrer VALENCIA 440, 08013 Barcelona",41.4023011,2.1763613
042,"Carrer BALMES 222, 08006 Barcelona",41.3983809,2.1513149
028,"Passeig SANT JOAN 2, 08010 Barcelona",41.3917636,2.1802967
038,"Carrer GALILEU 104, 08028 Barcelona",41.3789684,2.1348491
041,"Carrer COLLBLANC 154-156, 08028 Barcelona",41.37601,2.1114008
047,"Carrer PI I MARGALL 5, 08024 Barcelona",41.40614120000001,2.1629718
022,"Carrer COMTE D'URGELL 95, 08011 Barcelona",41.3839399,2.1558844
062,"Carrer VILA-SECA 39, 08031 Barcelona",41.4347291,2.1652288
326,"Carrer AMERICA 46, 08041 Barcelona",41.4166586,2.1765924
075,"Carrer MALLORCA 554, 08026 Barcelona",41.4090755,2.1831666
077,"Carrer CLOT 88, 08018 Barcelona",41.408601,2.1887466
021,"Ronda SANT PAU 3, 08015 Barcelona",41.3753635,2.167148
042,"Carrer AVENIR 21, 08006 Barcelona",41.3968332,2.1486322
017,"Carrer MARQUESA 3, 08003 Barcelona",41.38298810000001,2.1849585
033,"Gran Via CORTS CATALANES 278, 08004 Barcelona",41.3714276,2.1447742
071,"Carrer PALLARS 145, 08018 Barcelona",41.3983895,2.1937922
043,"Carrer SARAGOSSA 42, 08006 Barcelona",41.4025968,2.1484349
025,"Carrer PROVENÇA 195, 08008 Barcelona",41.3918818,2.1573417
025,"Carrer MUNTANER 83, 08011 Barcelona",41.3878133,2.1573417
052,"Carrer SANT ANTONI MARIA CLARET 97, 08025 Barcelona",41.4084368,2.1703724
076,"Carrer ROGENT 118, 08026 Barcelona",41.4113366,2.1819464
025,"Carrer ARIBAU 91, 08036 Barcelona",41.3899914,2.1570338
018,"Carrer AVINYO 27, 08002 Barcelona",41.3805942,2.1782814
030,"Avinguda DIAGONAL 319, 08009 Barcelona",41.3991176,2.1713925
019,"Rambla DEL RAVAL 2, 08001 Barcelona",41.3793777,2.1680542
036,"Carrer CARRERAS I CANDI 49, 08028 Barcelona",41.3732786,2.1277899
045,"Carrer MAJOR DE SARRIA 94, 08017 Barcelona",41.3991452,2.1221613
018,"Rambla SANT JOSEP 98, 08002 Barcelona",41.3822771,2.1725313
025,"Carrer CASANOVA 236, 08036 Barcelona",41.3929144,2.1490135
073,"Carrer BILBAO 145, 08018 Barcelona",41.4067452,2.1980672
048,"Carrer MILA I FONTANALS 12, 08012 Barcelona",41.4005949,2.163236
072,"Passeig TAULAT 190-194, 08019 Barcelona",41.403585,2.2117663
020,"Carrer HOSPITAL 14, 08001 Barcelona",41.381088,2.1725244
048,"Avinguda DIAGONAL 478, 08006 Barcelona",41.3958698,2.1559201
072,"Rambla POBLENOU 21, 08005 Barcelona",41.3987518,2.2041118
043,"Carrer SARAGOSSA 133, 08006 Barcelona",41.4046897,2.1451823
048,"Plaça RASPALL 1, 08012 Barcelona",41.4013477,2.1606389
017,"Carrer PRINCESA 20, 08003 Barcelona",41.3852449,2.180429
018,"Carrer JAUME I 14, 08002 Barcelona",41.3834491,2.1782809
020,"Ronda SANT ANTONI 106, 08001 Barcelona",41.38517400000001,2.1641837
048,"Plaça LLIBERTAT 9, 08012 Barcelona",41.4002273,2.1533772
022,"Gran Via CORTS CATALANES 489, 08015 Barcelona",41.3805434,2.1559026
048,"Carrer ASTURIES 54, 08012 Barcelona",41.40399379999999,2.1553972
019,"Carrer OM 18, 08001 Barcelona",41.3756886,2.1727525
025,"Carrer ARIBAU 180, 08036 Barcelona",41.3932125,2.1531445
036,"Carrer BADAL 156, 08028 Barcelona",41.3733301,2.1314925
025,"Rambla CATALUNYA 117, 08008 Barcelona",41.3944714,2.158511
020,"Carrer CARME 84, 08001 Barcelona",41.3807116,2.1675213
048,"Carrer GRAN DE GRACIA 87, 08012 Barcelona",41.4005816,2.1544529
045,"Passeig BONANOVA 54, 08017 Barcelona",41.4036015,2.1274234
021,"Avinguda PARAL.LEL 124 BIS, 08015 Barcelona",41.3752444,2.1620986
049,"Avinguda REPUBLICA ARGENTINA 14, 08023 Barcelona",41.4076749,2.1483817
019,"Carrer CERA 30, 08001 Barcelona",41.37856610000001,2.1656429
048,"Carrer GRAN DE GRACIA 16, 08012 Barcelona",41.3984307,2.1575144
022,"Carrer CONSELL DE CENT 98, 08015 Barcelona",41.3801555,2.151528
030,"Gran Via CORTS CATALANES 763, 08013 Barcelona",41.4017252,2.1840789
358,"Carrer SANT SALVADOR 125, 08024 Barcelona",41.4087354,2.1564061
030,"Carrer ARAGO 395, 08013 Barcelona",41.3996165,2.1745439
024,"Carrer ARIBAU 36, 08011 Barcelona",41.3872238,2.1610763
039,"Carrer GALILEU 250, 08028 Barcelona",41.3824942,2.1329748
038,"Carrer TENOR MASSINI 52, 08028 Barcelona",41.3775258,2.131812
025,"Carrer MALLORCA 176, 08036 Barcelona",41.3888323,2.1560975
027,"Carrer DIPUTACIO 331, 08009 Barcelona",41.3940292,2.1716989
065,"Carrer PARE MANYANET 46, 08030 Barcelona",41.42802320000001,2.1945282
076,"Carrer INDUSTRIA 206, 08026 Barcelona",41.4113975,2.1772059
034,"Carrer FERROCARRILS CATALANS 69, 08038 Barcelona",41.35998230000001,2.1430679
029,"Carrer VALENCIA 470, 08013 Barcelona",41.4033858,2.1778024
024,"Avinguda GRAN VIA CORTS CATALANES 566, 08011 Barcelona",41.383918,2.1616593
018,"Carrer GIGNAS 5, 08002 Barcelona",41.3807723,2.1797101
019,"Carrer SANT PAU 44, 08001 Barcelona",41.3793783,2.1721383
027,"Carrer MALLORCA 240, 08008 Barcelona",41.3928721,2.1614573
044,"Carrer ORIOL MESTRES 1, 08034 Barcelona",41.3964463,2.1230106
035,"Carrer CREU COBERTA 81, 08014 Barcelona",41.3751361,2.1449186
046,"Carrer COLLSEROLA 21, 08035 Barcelona",41.41604299999999,2.1357601
042,"Plaça FRANCESC MACIA 3, 08021 Barcelona",41.3932968,2.1446058
017,"Carrer VIA LAIETANA 50, 08003 Barcelona",41.3869483,2.1749742
035,"Carrer PARCERISA 48, 08014 Barcelona",41.3658705,2.1358484
017,"Carrer PRINCESA 39, 08003 Barcelona",41.38611969999999,2.1813329
395,"Carrer GRAN DE SANT ANDREU 125, 08030 Barcelona",41.4313183,2.1893042
395,"Carrer GRAN DE SANT ANDREU 211, 08030 Barcelona",41.4337785,2.1892817
038,"Carrer PORTBOU 38, 08028 Barcelona",41.3770828,2.1266582
048,"Carrer GRAN DE GRACIA 115, 08012 Barcelona",41.4015007,2.1533766
071,"Rambla POBLENOU 134-136, 08018 Barcelona",41.4047408,2.1968501
027,"Passeig SANT JOAN 111, 08037 Barcelona",41.3997298,2.168549
027,"Carrer BRUC 88, 08009 Barcelona",41.3945678,2.1695279
017,"Carrer LLUIS EL PIADOS 10, 08003 Barcelona",41.3904662,2.1786325
048,"Carrer ROS D'OLANO 15, 08012 Barcelona",41.4268752,2.1825086
050,"Carrer SANT EUDALD 56, 08023 Barcelona",41.41513,2.1477016
022,"Carrer ENTENÇA 129, 08015 Barcelona",41.38153380000001,2.1478367
072,"Rambla POBLENOU 46, 08005 Barcelona",41.4001201,2.202812
048,"Carrer BONAVISTA 11, 08012 Barcelona",41.3981047,2.1592606
046,"Passeig SANT GERVASI 53, 08022 Barcelona",41.4105752,2.1377062
040,"Plaça DE LA CONCORDIA 3, 08014 Barcelona",41.3866304,2.1319602
046,"Carrer SANT GERVASI DE CASSOLES 10, 08022 Barcelona",41.4043841,2.1394574
021,"Carrer MANSO 64, 08015 Barcelona",41.3778382,2.1624652
047,"Carrer INDUSTRIA 25, 08037 Barcelona",41.4032893,2.1659219
025,"Carrer ARAGO 207, 08011 Barcelona",41.3885712,2.1597019
021,"Carrer COMTE BORRELL 43, 08015 Barcelona",41.37708689999999,2.1626738
016,"Carrer ALMIRALL CERVERA 15, 08003 Barcelona",41.3784345,2.1898999
035,"Carrer CONSTITUCIO 118, 08014 Barcelona",41.3695433,2.1340148
032,"Carrer TAPIOLES 16, 08004 Barcelona",41.3739085,2.1644035
046,"Plaça BONANOVA 6, 08022 Barcelona",41.406334,2.1342258
030,"Plaça TETUAN 15, 08010 Barcelona",41.3947079,2.1745568
072,"Passatge ROVIRA 11, 08005 Barcelona",41.404199,2.2026007
018,"Carrer ESCUDELLERS 8, 08002 Barcelona",41.3792952,2.17611
072,"Carrer TAULAT 62, 08005 Barcelona",41.3994593,2.2058175
072,"Passatge ROVIRA 1, 08005 Barcelona",41.4039512,2.2023496
017,"Carrer CARDERS 44, 08003 Barcelona",41.3872992,2.1805519
049,"Carrer GRAN DE GRACIA 167, 08012 Barcelona",41.4030083,2.1521995
018,"Avinguda CATEDRAL 1, 08002 Barcelona",41.3845786,2.1752786
024,"Carrer FLORIDABLANCA 117, 08011 Barcelona",41.380719,2.1611603
021,"Ronda SANT PAU 51, 08015 Barcelona",41.3773113,2.1646742
027,"Carrer PROVENÇA 306, 08037 Barcelona",41.3956101,2.1628304
027,"Passeig SANT JOAN 87, 08009 Barcelona",41.398046,2.1709319
022,"Carrer ARAGO 32, 08015 Barcelona",41.380708,2.1500016
052,"Carrer CASTILLEJOS 376, 08025 Barcelona",41.4120563,2.1712937
019,"Carrer UNIO 5, 08001 Barcelona",41.3797941,2.1737624
031,"Carrer PADILLA 295, 08025 Barcelona",41.4073369,2.1747872
046,"Passeig SANT GERVASI 24, 08022 Barcelona",41.4089901,2.1348461
047,"Carrer TORRENT DE LES FLORS 45, 08024 Barcelona",41.4059561,2.1603256
049,"Carrer VERDI 132, 08012 Barcelona",41.4070617,2.1536672
035,"Carrer GAVA 59, 08014 Barcelona",41.3709325,2.1397298
023,"Carrer COMTE BORRELL 198, 08029 Barcelona",41.3854003,2.1521802
044,"Passeig SANT JOAN BOSCO 57, 08017 Barcelona",41.3950586,2.126325
023,"Avinguda SARRIA 31, 08029 Barcelona",41.3900821,2.144756
025,"Carrer VILLARROEL 201, 08036 Barcelona",41.3896752,2.150577
039,"Carrer GELABERT 28-30, 08029 Barcelona",41.3884277,2.1422047
043,"Carrer MARC AURELI 42-44, 08006 Barcelona",41.4021331,2.1423761
050,"Carrer MARE DE DEU DEL COLL 99, 08023 Barcelona",41.4113346,2.1471539
044,"Carrer ANGEL GUIMERA 14, 08017 Barcelona",41.3961489,2.13296
395,"Carrer DOCTOR SANT PONÇ 103, 08030 Barcelona",41.43194,2.1928732
040,"Carrer TAQUIGRAF GARRIGA 67, 08029 Barcelona",41.387936,2.1354279
046,"Ronda GENERAL MITRE 199, 08023 Barcelona",41.4052937,2.1422661
035,"Carrer MOIANES 51, 08014 Barcelona",41.3731659,2.1423198
050,"Carrer GOMIS 82, 08023 Barcelona",41.4135168,2.1398687
054,"Carrer DANTE ALIGHIERI 66 bis, 08032 Barcelona",41.4279319,2.1584852
043,"Via AUGUSTA 242, 08021 Barcelona",41.3981347,2.1366232
022,"Carrer ARAGO 1, 08015 Barcelona",41.3784001,2.1459837
326,"Avinguda MARE DE DEU MONTSERRAT 158, 08041 Barcelona",41.4188833,2.1723459
046,"Passeig BONANOVA 43, 08022 Barcelona",41.404339,2.1300067
054,"Carrer PERIS MENCHETA 55, 08032 Barcelona",41.4256079,2.161736
385,"Passeig FABRA i PUIG 136, 08016 Barcelona",41.4304803,2.181199
039,"Carrer VALLESPIR 190, 08014 Barcelona",41.384231,2.1339438
071,"Carrer NAPOLS 4, 08018 Barcelona",41.39108299999999,2.1852253
326,"Carrer TEODOR LLORENTE 4, 08041 Barcelona",41.41942,2.18036
029,"Carrer VALENCIA 530, 08013 Barcelona",41.4060774,2.1814294
044,"Carrer ROSARI 13, 08017 Barcelona",41.3962091,2.129311
043,"Carrer COPERNIC 47, 08021 Barcelona",41.400799,2.1400698
046,"Carrer MANDRI 54, 08022 Barcelona",41.4046201,2.1327874
017,"Carrer REINA CRISTINA 1, 08003 Barcelona",41.3813076,2.1829077
046,"Carrer BALLESTER 31, 08023 Barcelona",41.40661,2.1453503
030,"Avinguda DIAGONAL 243, 08013 Barcelona",41.4015863,2.1810834
031,"Carrer PROVENÇA 459, 08025 Barcelona",41.4052719,2.1752071
023,"Carrer PROVENÇA 32, 08029 Barcelona",41.3823114,2.1452022
049,"Travessera DE DALT 34, 08024 Barcelona",41.4087273,2.1534479
385,"Passeig MARAGALL 248, 08031 Barcelona",41.4266877,2.1721752
051,"Avinguda MARE DE DEU DE MONTSERRAT 71, 08024 Barcelona",41.4148759,2.1648987
049,"Carrer VALLDOREIX 7, 08024 Barcelona",41.4100211,2.1511732
042,"Carrer FRANCESC PEREZ I CABRERO 11, 08021 Barcelona",41.3940213,2.1395096
358,"Carrer PROVIDENCIA 128, 08024 Barcelona",41.4090256,2.1613365
035,"Carrer CONSTITUCIO 50, 08014 Barcelona",41.3698809,2.1363339
042,"Carrer CALVET 70, 08021 Barcelona",41.3964883,2.1415209
326,"Ronda GUINARDO 196, 08041 Barcelona",41.4214582,2.177247
043,"Carrer GANDUXER 94, 08022 Barcelona",41.3997282,2.1339987
046,"Carrer BERTRAN 129, 08023 Barcelona",41.4101077,2.1395193
039,"Carrer BERLIN 107, 08029 Barcelona",41.3850758,2.1417132
033,"Carrer CONCORDIA 47, 08004 Barcelona",41.3720611,2.1590458
039,"Carrer LORETO 48, 08029 Barcelona",41.3915275,2.142761
041,"Carrer BISBE CATALA 8, 08034 Barcelona",41.3953266,2.113863
073,"Carrer SANT JOAN DE MALTA 111, 08018 Barcelona",41.4070166,2.1950076
395,"Carrer ROVIRA VIRGILI 6, 08030 Barcelona",41.4280333,2.1897219
326,"Carrer AMILCAR 158 BIS, 08032 Barcelona",41.42223570000001,2.1726757
050,"Carrer MORA D'EBRE 43, 08023 Barcelona",41.4181257,2.1489484
065,"Carrer ESPRONCEDA 363, 08027 Barcelona",41.4175412,2.1882342
073,"Carrer ESPRONCEDA 191, 08018 Barcelona",41.409422,2.1989034
038,"Carrer JOAN GUELL 91, 08028 Barcelona",41.3800461,2.1326213
045,"Passeig BONANOVA 105, 08017 Barcelona",41.400984,2.124235
056,"Carrer HORTA 127, 08032 Barcelona",41.4321958,2.1580421
028,"Carrer AUSIAS MARCH 93, 08013 Barcelona",41.3950464,2.1803642
358,"Carrer CAMELIES 22, 08024 Barcelona",41.4111859,2.1595809
022,"Carrer DIPUTACIO 12, 08015 Barcelona",41.3774252,2.1500644
076,"Carrer NAVAS DE TOLOSA 329, 08026 Barcelona",41.4165734,2.185006
043,"Carrer FRANCOLI 23 BIS, 08006 Barcelona",41.4044548,2.1477565
358,"Carrer L'ALZINA 44, 08024 Barcelona",41.4072649,2.1556993
038,"Plaça DELS PAISOS CATALANS 3, 08014 Barcelona",41.3792119,2.1426805
051,"Plaça CAN BARO 6, 08024 Barcelona",41.4167599,2.1625
072,"Carrer PROVENÇALS 12, 08019 Barcelona",41.4054235,2.2114781
016,"Passeig JOAN DE BORBO 72, 08003 Barcelona",41.3756804,2.1893427
067,"Avinguda MERIDIANA 259, 08027 Barcelona",41.4216716,2.1864733
070,"Carrer TURO DE LA TRINITAT 41, 08033 Barcelona",41.4505047,2.1903735
065,"Carrer MALLORCA 663, 08027 Barcelona",41.4147693,2.1902219
051,"Ronda GUINARDO 31, 08024 Barcelona",41.41207800000001,2.1641576
071,"Carrer PUJADES 151, 08005 Barcelona",41.4006394,2.1990379
065,"Carrer VALLES I RIBOT 8, 08027 Barcelona",41.4230509,2.189023
396,"Passeig TORRAS i BAGES 83, 08030 Barcelona",41.4398011,2.1907672
385,"Carrer CUBELLES 8, 08031 Barcelona",41.4265226,2.1754782
358,"Carrer SECRETARI COLOMA 92, 08024 Barcelona",41.410452,2.1621536
035,"Carrer GRAN VIA CORTS CATALANES 347, 08014 Barcelona",41.3736315,2.146756
071,"Carrer ZAMORA 38, 08005 Barcelona",41.3932843,2.1936125
396,"Carrer AGUSTI i MILA 38, 08030 Barcelona",41.4382973,2.18763
041,"Carrer FELIPE DE PAZ 8, 08028 Barcelona",41.3795715,2.1258554
385,"Carrer DOCTOR PI I MOLIST 1, 08031 Barcelona",41.4305126,2.1743073
038,"Carrer MELCIOR DE PALAU 153 BIS, 08014 Barcelona",41.381553,2.1391492
067,"Passeig MARAGALL 106, 08027 Barcelona",41.4210729,2.1804311
043,"Carrer MANDRI 6, 08022 Barcelona",41.4018467,2.1355909
051,"Avinguda Mare de Deu de MONTSERRAT 143, 08041 Barcelona",41.4168625,2.1704841
067,"Carrer CONCEPCIO ARENAL 124, 08027 Barcelona",41.4250059,2.1843669
071,"Avinguda DIAGONAL 197, 08018 Barcelona",41.40391,2.1915866
036,"Carrer GUADIANA 39, 08014 Barcelona",41.373202,2.1397669
041,"Carrer COMANDANT BENITEZ 30, 08028 Barcelona",41.3805182,2.1259636
044,"Carrer CAPITA ARENES 62, 08034 Barcelona",41.3938138,2.1248869
033,"Carrer GRAN VIA CORTS CATALANES 216, 08004 Barcelona",41.3693615,2.1420336
029,"Carrer CONSELL DE CENT 575, 08013 Barcelona",41.4046305,2.1835753
054,"Carrer DANTE ALIGHIERI 118, 08032 Barcelona",41.4269025,2.1552372
327,"Carrer FORMENTERA 44, 08016 Barcelona",41.4444005,2.1849656
040,"Carrer MASFERRER 16, 08028 Barcelona",41.3854228,2.129065
039,"Carrer TAQUIGRAF SERRA 3, 08029 Barcelona",41.3861465,2.1386406
042,"Carrer TUSET 34, 08006 Barcelona",41.396667,2.1514129
034,"Carrer MARE DE DEU DEL PORT 234, 08038 Barcelona",41.3605096,2.1406716
044,"Carrer CARDENAL SENTMENAT 37, 08017 Barcelona",41.3982553,2.1250012
041,"Carrer JORDI GIRONA 2, 08034 Barcelona",41.3870593,2.1125853
071,"Carrer JOAN MIRO 24, 08005 Barcelona",41.3910617,2.1942852
326,"Carrer SEGLE XX 61, 08032 Barcelona",41.4237214,2.1747488
067,"Avinguda FELIP II 186, 08027 Barcelona",41.4257923,2.180106
385,"Carrer ESCOCIA 64-66, 08016 Barcelona",41.4287749,2.1800399
041,"Avinguda SANT RAMON NONAT 23, 08028 Barcelona",41.377151,2.1165397
056,"Carrer FATIMA 10, 08032 Barcelona",41.4325302,2.1555254
072,"Carrer SELVA DEL MAR 34, 08019 Barcelona",41.40838919999999,2.2099147
326,"Passeig MARAGALL 75, 08041 Barcelona",41.4174906,2.1802239
046,"Carrer BERTRAN 39, 08023 Barcelona",41.4060461,2.1397399
039,"Carrer JOAN GUELL 174, 08028 Barcelona",41.383975,2.1312341
383,"Plaça LLORCA 5, 08038 Barcelona",41.3642824,2.1411945
045,"Carretera SARRIA A VALLVIDRERA 82, 08017 Barcelona",41.408693,2.1099486
029,"Carrer PROVENÇA 536, 08025 Barcelona",41.40792709999999,2.1792547
043,"Carrer LA GLEVA 9, 08006 Barcelona",41.4029904,2.1462667
051,"Carrer BISMARK 2, 08024 Barcelona",41.4150091,2.1612282
031,"Carrer INDUSTRIA 128, 08025 Barcelona",41.4080777,2.1728293
023,"Carrer CALABRIA 242-244, 08029 Barcelona",41.3863353,2.1465768
025,"Carrer CASANOVA 93, 08011 Barcelona",41.386881,2.1566593
040,"Avinguda SARRIA 125, 08017 Barcelona",41.3919517,2.1332564
067,"Carrer OLESA 26, 08027 Barcelona",41.4208663,2.182912
028,"Carrer MARINA 121, 08013 Barcelona",41.3964028,2.1842325
040,"Avinguda DIAGONAL 557, 08029 Barcelona",41.3891502,2.133823
043,"Carrer BERTRAND I SERRA 16, 08022 Barcelona",41.40244819999999,2.1335955
053,"Carrer HORTAL 41, 08032 Barcelona",41.4214998,2.1519865
042,"Carrer VALERO 10, 08021 Barcelona",41.3961832,2.1385028
049,"Carrer SOSTRES 15, 08024 Barcelona",41.4114332,2.1502618
327,"Carrer PALAMOS 58, 08033 Barcelona",41.4495009,2.1862436
385,"Carrer PARDO 17, 08016 Barcelona",41.4278398,2.1824295
073,"Avinguda DIAGONAL 84-86, 08019 Barcelona",41.4087737,2.2072588
034,"Carrer SOVELLES 11, 08038 Barcelona",41.3526666,2.142622
396,"Avinguda MERIDIANA 510, 08030 Barcelona",41.43741989999999,2.1852012
053,"Carrer PEDRELL 121, 08032 Barcelona",41.4238764,2.162497
056,"Carrer FELIU I CODINA 45, 08031 Barcelona",41.4348705,2.1619294
044,"Carrer ANGLI 4 BIS, 08017 Barcelona",41.4031654,2.1231637
046,"Passeig SANT GERVASI 75, 08022 Barcelona",41.41260399999999,2.1377548
040,"Carrer MANILA 49, 08034 Barcelona",41.3901238,2.1255772
055,"Carrer SANTA ROSALIA 82, 08035 Barcelona",41.42313619999999,2.1487936
059,"Carrer MONTSANT 31-33, 08031 Barcelona",41.4334791,2.1701267
331,"Carrer CONCILI DE TRENTO 194, 08020 Barcelona",41.4174219,2.200964
018,"Carrer MERCÈ 26, 08002 Barcelona",41.3801932,2.1805383
054,"Carrer SANT ALEXANDRE 37, 08031 Barcelona",41.4294248,2.1642919
059,"Carrer CADI 23, 08031 Barcelona",41.4315562,2.1687026
326,"Carrer VINYALS 38, 08041 Barcelona",41.4204865,2.1747648
049,"Carrer MARE DE DEU DEL COLL 25, 08023 Barcelona",41.4088466,2.1495136
063,"Carrer QUARTER DE SIMANCAS 24, 08042 Barcelona",41.445381,2.173301
059,"Carrer ANETO 26-28, 08031 Barcelona",41.4326876,2.1705839
034,"Carrer FONERIA 18, 08038 Barcelona",41.3599223,2.1374536
326,"Passatge LLIVIA 47, 08041 Barcelona",41.41998350000001,2.1770599
054,"Carrer LLOBREGOS 140, 08032 Barcelona",41.4239796,2.1552345
327,"Carrer CHAFARINAS 12-14, 08033 Barcelona",41.447695,2.183538
035,"Riera BLANCA 191-193, 08014 Barcelona",41.3680317,2.1317528
041,"Carrer PINTOR TAPIRO 11, 08028 Barcelona",41.3771042,2.1192212
033,"Carrer LLEIDA 55 B, 08004 Barcelona",41.3710914,2.1562954
038,"Carrer RECTOR TRIADO 84, 08014 Barcelona",41.3782141,2.1429779
073,"Carrer PERE IV 209-211, 08018 Barcelona",41.4053975,2.1997029
326,"Carrer JULIOL 27, 08041 Barcelona",41.4176365,2.173981
076,"Carrer FRESER 194-198, 08026 Barcelona",41.4151861,2.1824757
385,"Avinguda FELIP II 271, 08016 Barcelona",41.4284693,2.1759006
326,"Ronda GUINARDO 156-158, 08041 Barcelona",41.4188442,2.1765705
069,"Carrer SAS 31, 08030 Barcelona",41.43756279999999,2.2041578
074,"Carrer PERE IV 501, 08020 Barcelona",41.4174096,2.2089889
396,"Passeig SANTA COLOMA 29-31, 08030 Barcelona",41.4452949,2.1901066
036,"Avinguda MADRID 8, 08028 Barcelona",41.3759925,2.1239376
042,"Carrer SANTALO 3, 08021 Barcelona",41.3947058,2.1468412
040,"Carrer EUROPA 17, 08028 Barcelona",41.3872182,2.1297803
078,"Carrer PROVENÇALS 256, 08020 Barcelona",41.4166606,2.1966374
051,"Carrer GRAN VISTA 135, 08032 Barcelona",41.418715,2.1575361
056,"Carrer SANT GAUDENCI 11, 08031 Barcelona",41.4343401,2.1569093
055,"Carrer MURTRA 8, 08032 Barcelona",41.424063,2.1509233
050,"Passeig MARE DE DEU DEL COLL 150, 08023 Barcelona",41.4201561,2.1491596
048,"Carrer CORSEGA 369, 08037 Barcelona",41.3989874,2.1622541
039,"Carrer GUITARD 69, 08014 Barcelona",41.3839361,2.1362359
036,"Carrer SUGRANYES 11, 08028 Barcelona",41.375,2.1277823
077,"Carrer VALENCIA 621, 08026 Barcelona",41.41080050000001,2.1872438
045,"Carrer CALATRAVA 77, 08017 Barcelona",41.4019601,2.1277578
042,"Via AUGUSTA 103, 08006 Barcelona",41.4009897,2.1489096
043,"Carrer SANT ELIES 28, 08006 Barcelona",41.4011674,2.1442828
046,"Carrer CRAYWINCKEL 7, 08022 Barcelona",41.4120147,2.1395224
040,"Travessera DE LES CORTS 287, 08014 Barcelona",41.3867036,2.1346319
049,"Carrer BETLEM 46, 08012 Barcelona",41.405315,2.1534658
052,"Carrer SARDENYA 520, 08024 Barcelona",41.4115666,2.1630917
047,"Carrer SANT ANTONI MARIA CLARET 18, 08037 Barcelona",41.4032019,2.1639577
078,"Carrer SELVA DEL MAR 273, 08020 Barcelona",41.4185096,2.1960226
042,"Carrer ARIBAU 312 BIS, 08006 Barcelona",41.3991748,2.1459115
050,"Avinguda VALLCARCA 125, 08023 Barcelona",41.4124193,2.1428953
403,"Carrer ALMAGRO 10, 08042 Barcelona",41.4423023,2.1738467
074,"Carrer MARESME 104, 08019 Barcelona",41.4150623,2.2123032
056,"Carrer MESTRE DALMAU 2, 08031 Barcelona",41.4331257,2.1628461
076,"Carrer SANT QUINTI 20, 08026 Barcelona",41.4127241,2.1794328
040,"Passeig MANUEL GIRONA 56, 08034 Barcelona",41.391222,2.1254238
042,"Carrer LAFORJA 56, 08006 Barcelona",41.3983123,2.1481323
077,"Avinguda GRAN VIA CORTS CATALANES 871, 08018 Barcelona",41.4076044,2.1920577
071,"Carrer BOLIVIA 19, 08018 Barcelona",41.4015318,2.1890068
067,"Carrer ACACIES 57, 08027 Barcelona",41.4258493,2.1780122
385,"Avinguda MERIDIANA 361, 08016 Barcelona",41.428217,2.1841168
052,"Carrer PADILLA 378, 08025 Barcelona",41.4119943,2.1693935
065,"Carrer NAVAS DE TOLOSA 270, 08027 Barcelona",41.41481,2.18791
054,"Carrer LISBOA 9, 08032 Barcelona",41.4293884,2.1584869
072,"Carrer JOSEP PLA 19-21, 08019 Barcelona",41.4082541,2.2162861
042,"Carrer AMIGO 70, 08021 Barcelona",41.3970561,2.1423682
070,"Carrer PARE PEREZ DEL PULGAR 16, 08033 Barcelona",41.4536451,2.1900696
331,"Rambla GUIPUSCOA 98, 08020 Barcelona",41.418844,2.2008676
039,"Carrer ENTENÇA 254, 08029 Barcelona",41.3873661,2.14091
077,"Carrer MALLORCA 621, 08026 Barcelona",41.4130512,2.1879997
067,"Carrer GARCILASO 213, 08027 Barcelona",41.42351559999999,2.1797658
031,"Carrer CORSEGA 526, 08025 Barcelona",41.4056333,2.1717928
385,"Carrer ALELLA 12, 08016 Barcelona",41.4315144,2.1797234
043,"Carrer RAVELLA 11, 08021 Barcelona",41.40076819999999,2.1369876
069,"Carrer CLARIANA 16, 08030 Barcelona",41.4472928,2.2002593
326,"Carrer SANT QUINTI 128, 08041 Barcelona",41.4161355,2.1747872
028,"Carrer SARDENYA 184, 08013 Barcelona",41.397028,2.1821973
028,"Carrer CASP 67, 08010 Barcelona",41.3937223,2.1762952
052,"Carrer ALCALDE MOSTOLES 33, 08025 Barcelona",41.4108812,2.1659369
053,"Carrer LLOBREGOS 206, 08032 Barcelona",41.4221295,2.1520046
051,"Ronda GUINARDO 77, 08024 Barcelona",41.4137512,2.1700797
023,"Carrer ROSSELLO 72, 08029 Barcelona",41.3866314,2.1486431
042,"Carrer BORI I FONTESTA 18, 08021 Barcelona",41.3933198,2.1389247
073,"Avinguda DIAGONAL 111, 08005 Barcelona",41.4069977,2.2027319
078,"Carrer GUIPUZCOA 21 BIS, 08018 Barcelona",41.4142125,2.1937565
326,"Avinguda Mare de Deu de MONTSERRAT 240-242, 08041 Barcelona",41.4223118,2.174864
395,"Carrer RUBEN DARIO 79, 08030 Barcelona",41.4342729,2.1862933
022,"Carrer VALENCIA 90-92, 08015 Barcelona",41.3824874,2.150098
046,"Carrer GANDUXER 129, 08022 Barcelona",41.4030431,2.1311483
036,"Plaça SANTS 9, 08028 Barcelona",41.3759829,2.1355451
043,"Carrer HERZEGOVINA 4, 08021 Barcelona",41.4015974,2.1386754
052,"Carrer PADILLA 338-340, 08025 Barcelona",41.4103812,2.1711999
071,"Avinguda ICARIA 160, 08005 Barcelona",41.3909887,2.1970412
069,"Carrer CAMPINS 9, 08030 Barcelona",41.4473704,2.1993129
051,"Carrer CASTILLEJOS 437, 08024 Barcelona",41.4140755,2.1682516
302,"Carrer MASIA 2, 08110 Barcelona",41.4697405,2.1841718
041,"Carrer COLLBLANC 66, 08028 Barcelona",41.375878,2.1177338
047,"Carrer ESCORIAL 23, 08024 Barcelona",41.4068241,2.1614865
038,"Avinguda JOSEP TARRADELLAS 3, 08029 Barcelona",41.3814202,2.1419383
038,"Carrer NUMANCIA 14, 08029 Barcelona",41.3816858,2.1411075
054,"Carrer GRANOLLERS 8, 08032 Barcelona",41.4283205,2.1624816
027,"Passeig DE GRACIA 26, 08007 Barcelona",41.3903717,2.1679521
327,"Carrer S'AGARO 3, 08033 Barcelona",41.44741010000001,2.186786
051,"Avinguda Mare de Deu de MONTSERRAT 109, 08024 Barcelona",41.4158292,2.1685096
021,"Carrer COMTE BORRELL 7, 08015 Barcelona",41.3754765,2.1647778
385,"Carrer MALADETA 7-11, 08016 Barcelona",41.4318167,2.1766151
025,"Carrer CASANOVA 140, 08036 Barcelona",41.3888216,2.1546746
078,"Carrer GUIPUSCOA 67-69, 08020 Barcelona",41.4174565,2.1982539
043,"Avinguda PRINCEP D'ASTURIES 43-45, 08012 Barcelona",41.4045815,2.1500858
385,"Avinguda BORBON 64, 08016 Barcelona",41.4287013,2.1749983
051,"Carrer VALLSECA 30, 08024 Barcelona",41.41519539999999,2.1629556
055,"Carrer ARENYS 108, 08035 Barcelona",41.4231692,2.1470515
358,"Carrer PAU ALSINA 57, 08024 Barcelona",41.4089618,2.1632329
043,"Carrer BALMES 303, 08006 Barcelona",41.4021939,2.1455233
071,"Avinguda DIAGONAL 180, 08018 Barcelona",41.4053955,2.1941276
030,"Carrer ROGER DE FLOR 240, 08025 Barcelona",41.4015996,2.1691407
035,"Carrer BARTOMEU PI 26, 08014 Barcelona",41.3696317,2.1387521
059,"Carrer VALL D'ORDESA 10, 08031 Barcelona",41.4311487,2.1662993
055,"Carrer LLEDONER 2, 08035 Barcelona",41.4248048,2.1389325
029,"Carrer ENAMORATS 5, 08013 Barcelona",41.4019702,2.1794674
067,"Carrer FELIP II 112, 08027 Barcelona",41.4217696,2.1853675
031,"Carrer LEPANT 330-332, 08025 Barcelona",41.4069278,2.1735767
042,"Carrer LAFORJA 109, 08021 Barcelona",41.395108,2.1431696
302,"Avinguda CATALUNYA 65, 08110 Barcelona",41.4949893,2.1829379
055,"Plaça DE MONTBAU 7, 08035 Barcelona",41.4315815,2.1432789
074,"Carrer DEL MARESME 64, 08019 Barcelona",41.4137764,2.2139955
063,"Carrer CAMPRECIOS 7, 08042 Barcelona",41.4461344,2.1771515
395,"Rambla ONZE DE SETEMBRE 37, 08030 Barcelona",41.4298614,2.1922011
036,"Carrer RIERA BLANCA 109-111, 08028 Barcelona",41.3720028,2.1269505
067,"Carrer FELIP II 224, 08027 Barcelona",41.4277126,2.1783234
395,"Carrer NADAL 42-52, 08030 Barcelona",41.4289102,2.1882447
044,"Carrer RIU D'OR 33, 08034 Barcelona",41.3937473,2.1233227
036,"Carrer TORNS 31, 08028 Barcelona",41.3750535,2.1238131
042,"Carrer MESTRE NICOLAU 6, 08021 Barcelona",41.393133,2.1423248
044,"Ronda GENERAL MITRE 9, 08017 Barcelona",41.3932949,2.1310319
053,"Carrer CONCA DE TREMP 64, 08032 Barcelona",41.4214779,2.1572396
047,"Carrer INDUSTRIA 65, 08025 Barcelona",41.4048714,2.1679184
044,"Plaça SANT GREGORI TAUMATURG 8, 08021 Barcelona",41.3946598,2.1379535
312,"Carrer FEDERICO GARCIA LORCA 1, 08930 Barcelona",41.4212566,2.2122981
074,"Carrer PERPINYA 25, 08019 Barcelona",41.4188726,2.215154
041,"Avinguda MADRID 103, 08028 Barcelona",41.3788931,2.1278015
063,"Carrer ALCANTARA 1, 08042 Barcelona",41.4451986,2.1717544
055,"Avinguda ELIES PAGES 20, 08035 Barcelona",41.4281427,2.133708
042,"Via AUGUSTA 189, 08021 Barcelona",41.39782539999999,2.1406
326,"Carrer LUIS SAGNIER 55, 08032 Barcelona",41.425245,2.1735902
021,"Carrer VILADOMAT 90, 08015 Barcelona",41.37925509999999,2.1583683
050,"Avinguda VALLCARCA 252, 08023 Barcelona",41.4197192,2.1409963
055,"Carrer SANTA ROSALIA 31, 08035 Barcelona",41.42153,2.14534
059,"Passeig MARAGALL 310, 08031 Barcelona",41.4274007,2.1692745
383,"Carrer MARE DE DEU DEL PORT 385, 08038 Barcelona",41.3636628,2.1392175
065,"Carrer FELIP II 70, 08027 Barcelona",41.4194947,2.1883749
069,"Carrer LLINARS DEL VALLES 5, 08030 Barcelona",41.434861,2.2071534
050,"Carrer FARIGOLA 48, 08023 Barcelona",41.4131879,2.146664
054,"Carrer RAMON ROCAFULL 95, 08032 Barcelona",41.4219478,2.1551397
047,"Carrer ROGER DE FLOR 303, 08025 Barcelona",41.40494,2.16404
044,"Carrer BENET MATEU 32, 08034 Barcelona",41.3925858,2.1268723
025,"Carrer VILLARROEL 251, 08036 Barcelona",41.39182599999999,2.1477486
039,"Carrer LORETO 20, 08029 Barcelona",41.3895415,2.1421138
056,"Carrer DOCTOR LETAMENDI 13, 08031 Barcelona",41.43484,2.1592736
331,"Passatge ANTONI GASSOL 22, 08018 Barcelona",41.413134,2.196346
074,"Carrer GRAN VIA CORTS CATALANES 1158, 08020 Barcelona",41.41807730000001,2.2074125
331,"Carrer ANDRADE 198, 08020 Barcelona",41.4176605,2.203696
312,"Avinguda CORTS CATALANES 26, 08930 Barcelona",41.4224731,2.2133756
331,"Carrer JULIAN BASTEIRO 3, 08020 Barcelona",41.4151621,2.1984368
065,"Avinguda MERIDIANA 320 BIS, 08027 Barcelona",41.4247375,2.1871893
074,"Carrer JAUME FABRE 3, 08019 Barcelona",41.4138474,2.2172596
053,"Rambla CARMEL 82, 08032 Barcelona",41.4229683,2.158096
043,"Ronda GENERAL MITRE 121, 08022 Barcelona",41.4018391,2.1366676
062,"Carrer GASELA 8, 08042 Barcelona",41.4394532,2.1692697
044,"Carrer MILANESAT 1, 08017 Barcelona",41.3962941,2.127207
041,"Travessera DE LES CORTS 173, 08028 Barcelona",41.3822087,2.1275388
055,"Carrer NAIM 1, 08035 Barcelona",41.4258704,2.139250800000001
331,"Carrer FLUVIA 194, 08020 Barcelona",41.4135976,2.1985426
071,"Avinguda MERIDIANA 30, 08018 Barcelona",41.3953852,2.1873621
074,"Rambla PRIM 74, 08019 Barcelona",41.4150691,2.2148491
327,"Carrer MOLI 102 BIS, 08016 Barcelona",41.4456017,2.1817031
067,"Carrer OLESA 65, 08027 Barcelona",41.4244339,2.1856725
049,"Avinguda VALLCARCA 32, 08023 Barcelona",41.4090429,2.1485974
027,"Carrer BAILEN 174 BIS, 08037 Barcelona",41.4006799,2.1658362
396,"Plaça MOSSEN CLAPES 9, 08030 Barcelona",41.4419131,2.1868035
067,"Carrer INDUSTRIA 339, 08027 Barcelona",41.417877,2.1850581
023,"Carrer ROSELLO 37, 08029 Barcelona",41.383848,2.1444298
023,"Avinguda JOSEP TARRADELLAS 46, 08029 Barcelona",41.3838772,2.1428373
023,"Carrer VILADOMAT 198, 08029 Barcelona",41.3846209,2.1509386
055,"Carrer ANGEL MARQUES 7, 08035 Barcelona",41.4295772,2.1417443
078,"Carrer CANTABRIA 58, 08020 Barcelona",41.4221158,2.1988696
385,"Carrer FRANCESC DE BOLOS 35, 08031 Barcelona",41.4281149,2.1729252
383,"Passeig ZONA FRANCA 226, 08038 Barcelona",41.3626636,2.1375186
331,"Carrer FLUVIA 216, 08020 Barcelona",41.41508,2.1961934
055,"Carrer HARMONIA 1, 08035 Barcelona",41.4320596,2.1449045
078,"Carrer AGRICULTURA 292, 08020 Barcelona",41.42007270000001,2.199071
053,"Carrer SANTUARIS 113, 08032 Barcelona",41.4199826,2.1552118
065,"Carrer ESPRONCEDA 308, 08027 Barcelona",41.416142,2.1904752
067,"Carrer PARDO 4, 08027 Barcelona",41.4259762,2.1826773
064,"Avinguda RASOS DE PEGUERA 129, 08033 Barcelona",41.4599043,2.1731364
021,"Carrer LLANÇA 11, 08015 Barcelona",41.3757099,2.1509314
358,"Carrer ESCORIAL 150, 08024 Barcelona",41.4098126,2.1591182
051,"Carrer CAMELIES 66, 08024 Barcelona",41.41346,2.16384
383,"Carrer ENERGIA 9, 08038 Barcelona",41.357497,2.136719
383,"Carrer GRAN VIA CORTS CATALANES 130-136, 08038 Barcelona",41.3638165,2.13534
074,"Rambla PRIM 136, 08019 Barcelona",41.4175934,2.2114797
078,"Carrer GUIPUZCOA 131, 08020 Barcelona",41.4218401,2.2039001
078,"Carrer SANTANDER 2, 08020 Barcelona",41.4238418,2.1980428
063,"Carrer MINA DE LA CIUTAT 31, 08042 Barcelona",41.4475015,2.173981
053,"Carrer CALDERON DE LA BARCA 88, 08032 Barcelona",41.4204796,2.1567839
053,"Carrer DOCTOR BOVE 121, 08032 Barcelona",41.4206982,2.1608533
073,"Carrer GRAN VIA CORTS CATALANES 938, 08018 Barcelona",41.40865700000001,2.1947522
074,"Carrer ALFONS V EL MAGNANIM 91, 08019 Barcelona",41.4171656,2.2135265
079,"Carrer CONCILI DE TRENTO 318, 08020 Barcelona",41.4222179,2.207882
065,"Carrer AÇORES 8, 08027 Barcelona",41.4250648,2.1895127
064,"Carrer LES AGUDES 52, 08033 Barcelona",41.4617959,2.1774555
079,"Carrer GRAN VIA CORTS CATALANES 1157, 08020 Barcelona",41.4181104,2.2072551
054,"Plaça PASTRANA 1, 08032 Barcelona",41.4254967,2.1556627
331,"Carrer PUIGCERDA 253, 08020 Barcelona",41.4200445,2.2031046
039,"Avinguda JOSEP TARRADELLAS 153, 08029 Barcelona",41.391534,2.1436645
062,"Passeig VALLDAURA 184, 08042 Barcelona",41.4381271,2.1694946
079,"Plaça FERNANDO DE LOS RIOS 5, 08020 Barcelona",41.4242967,2.2089858
056,"Carrer LLORET DE MAR 87, 08031 Barcelona",41.4364498,2.157879
055,"Carrer JUAN DE MENA 1-3, 08035 Barcelona",41.4306999,2.1475951
041,"Carrer MEJIA DE LEQUERICA 46, 08028 Barcelona",41.3843411,2.1268013
023,"Carrer PARIS 45, 08029 Barcelona",41.3868664,2.1437429
040,"Passeig MANUEL GIRONA 28, 08034 Barcelona",41.39058929999999,2.1226052
062,"Carrer GUINEUETA 19, 08042 Barcelona",41.440357,2.166556
064,"Carrer VALLCIVERA 6-8, 08033 Barcelona",41.461371,2.1794569
078,"Carrer MENORCA 100, 08020 Barcelona",41.42241,2.20152
075,"Carrer ENAMORATS 145, 08026 Barcelona",41.4083267,2.1845013
047,"Carrer CORSEGA 507, 08025 Barcelona",41.40423740000001,2.1694063
052,"Ronda GUINARDO 44 D, 08025 Barcelona",41.411893,2.1666169
050,"Passeig VALL D'HEBRON 58, 08023 Barcelona",41.41849080000001,2.1397687
049,"Carrer CAROLINES 26 bis, 08012 Barcelona",41.4034978,2.1506455
041,"Passeig MANUEL GIRONA 4, 08034 Barcelona",41.38962679999999,2.1203065
069,"Carrer FOC FOLLET 69, 08030 Barcelona",41.4345469,2.2049008
065,"Carrer PACIFIC 61-63, 08027 Barcelona",41.4262901,2.1873888
041,"Carrer RIERA BLANCA 11, 08028 Barcelona",41.3769059,2.12203
326,"Carrer XIPRER 16, 08041 Barcelona",41.4171586,2.1785881
034,"Passeig ZONA FRANCA 156, 08038 Barcelona",41.3595993,2.1397349
302,"Carrer TERRANOSTRA 37-39, 08110 Barcelona",41.482389,2.171259
054,"Carrer DANTE ALIGHIERI 155, 08032 Barcelona",41.4253722,2.1536083
041,"Avinguda CARLES III 15, 08028 Barcelona",41.38040660000001,2.128491
078,"Carrer JOSEP MIRET 4, 08020 Barcelona",41.42134,2.20073
062,"Passeig FABRA I PUIG 439, 08042 Barcelona",41.4384554,2.1654045
062,"Passeig VALLDAURA 175, 08042 Barcelona",41.4387416,2.1731156
383,"Avinguda GRAN VIA CORTS CATALANES 152, 08038 Barcelona",41.3658375,2.1374153
041,"Carrer SABINO DE ARANA 20, 08028 Barcelona",41.3853602,2.1255203
078,"Carrer MARESME 261, 08020 Barcelona",41.4220015,2.2023178
041,"Avinguda DIAGONAL 635, 08028 Barcelona",41.3870349,2.1239335
395,"Avinguda MERIDIANA 422, 08030 Barcelona",41.43278,2.1836181
064,"Torrent DE TAPIOLES 27, 08033 Barcelona",41.46346,2.18358
395,"Avinguda MERIDIANA 450, 08030 Barcelona",41.43431,2.18418
395,"Carrer SEGRE 19, 08030 Barcelona",41.434633,2.192097
035,"Passatge ANDALUSIA 14, 08014 Barcelona",41.3707851,2.1334624
023,"Carrer URGELL 241, 08036 Barcelona",41.3909263,2.1466496
395,"Carrer SEGRE 100, 08030 Barcelona",41.4307988,2.1946556
073,"Avinguda DIAGONAL 32, 08019 Barcelona",41.4102865,2.213470500000001
044,"Carrer ESCOLES PIES 23, 08017 Barcelona",41.3970081,2.1340915
042,"Via AUGUSTA 49-51, 08006 Barcelona",41.3981198,2.1532164
051,"Carrer BRUSEL.LES 43, 08041 Barcelona",41.41762480000001,2.1694187
049,"Avinguda COLL DEL PORTELL 55, 08024 Barcelona",41.4113157,2.1523722
070,"Carrer MARE DE DEU DE LORDA 57, 08033 Barcelona",41.4519665,2.1925563
050,"Carrer BEAT ALMATO 20, 08023 Barcelona",41.4164849,2.1477678
078,"Carrer PUIGCERDA 292, 08020 Barcelona",41.4238316,2.2003004
067,"Carrer SANT ANTONI MARIA CLARET 277, 08041 Barcelona",41.4177274,2.1828799
065,"Carrer CIUTAT D'ELX 11, 08027 Barcelona",41.4208565,2.1898007
054,"Carrer ALT DE PEDRELL 58, 08032 Barcelona",41.4262147,2.1690457
331,"Carrer ANDRADE 224, 08020 Barcelona",41.418945,2.2052886
395,"Carrer CAMIL I FABRA 5, 08030 Barcelona",41.4297129,2.1871306
056,"Carrer PORRERA 21, 08031 Barcelona",41.4381579,2.1595484
041,"Carrer CARDENAL REIG 22, 08028 Barcelona",41.3773416,2.1154221
069,"Carrer ESTADELLA 27, 08030 Barcelona",41.43531429999999,2.2026207
065,"Carrer HONDURES 63, 08027 Barcelona",41.4213274,2.1876754
017,"Carrer ROGER DE FLOR 9 BIS, 08018 Barcelona",41.3903277,2.1836833
044,"Carrer GANDUXER 5, 08021 Barcelona",41.39219200000001,2.138641
383,"Carretera PRAT 30 BIS, 08038 Barcelona",41.36057659999999,2.1343157
079,"Carrer BINEFAR 6, 08020 Barcelona",41.4244649,2.2035391
385,"Carrer SANT ISCLE 21, 08031 Barcelona",41.4315329,2.1730596
045,"Carrer SAGRAT COR 8, 08034 Barcelona",41.4002635,2.119806
063,"Carrer MINA DE LA CIUTAT 91, 08042 Barcelona",41.448786,2.1763229
036,"Carrer PUIG I VALLS 29, 08028 Barcelona",41.3733488,2.1253687
073,"Avinguda DIAGONAL 68, 08019 Barcelona",41.4096654,2.2102363
021,"Carrer ROCAFORT 49, 08015 Barcelona",41.3773828,2.155678
073,"Carrer BAC DE RODA 168, 08020 Barcelona",41.41151139999999,2.1990942
022,"Carrer VILAMARI 106, 08015 Barcelona",41.3801835,2.1479212
055,"Carrer BERRUGUETE 56, 08035 Barcelona",41.4332268,2.1495689
383,"Carrer MINERIA 12, 08038 Barcelona",41.3641011,2.1374077
040,"Carrer POBLA DE LILLET 20, 08028 Barcelona",41.3812809,2.1298725
055,"Carrer ARENYS 25, 08035 Barcelona",41.42209709999999,2.1424349
048,"Carrer TORRENT D'EN VIDALET 35, 08012 Barcelona",41.4045364,2.1586912
028,"Carrer ROGER DE FLOR 87, 08013 Barcelona",41.39420750000001,2.1783887
039,"Carrer NUMANCIA 84, 08029 Barcelona",41.3852499,2.1371336
022,"Carrer LLANÇA 35, 08015 Barcelona",41.3793349,2.1462139
079,"Carrer GRAN VIA DE LES CORTS CATALANES 1179-1181, 08020 Barcelona",41.4220388,2.2106877
063,"Carrer LES TORRES 58, 08042 Barcelona",41.4470094,2.1752095
040,"Gran Via CARLES III 58-60, 08028 Barcelona",41.3838906,2.1285574
358,"Carrer SANT JOSEP DE LA MUNTANYA 6, 08024 Barcelona",41.4109546,2.1543498
055,"Carrer IDUMEA 14, 08035 Barcelona",41.42775899999999,2.1375438
056,"Carrer CARTELLA 192, 08031 Barcelona",41.4308767,2.1632521
396,"Carrer JOAN TORRES 21-23, 08030 Barcelona",41.4378049,2.1908475
063,"Carrer ARTESANIA 148, 08042 Barcelona",41.4464468,2.1714308
030,"Carrer ROGER DE FLOR 166, 08013 Barcelona",41.39783,2.1743199
031,"Carrer ROSSELLO 462, 08025 Barcelona",41.40789650000001,2.176932
053,"Carrer QUEIXANS 4, 08032 Barcelona",41.4202964,2.158379
054,"Carrer MONTSERRAT DE CASANOVAS 14, 08032 Barcelona",41.4236768,2.1688109
032,"Passeig MONTJUIC 36, 08004 Barcelona",41.37232950000001,2.1709142
055,"Carrer HARMONIA 31, 08035 Barcelona",41.4337777,2.1416057
032,"Carrer ALBAREDA 6-8, 08004 Barcelona",41.37378289999999,2.1742113
036,"Carrer ESTERAS 28, 08028 Barcelona",41.370912,2.129473
403,"Carrer ARTESANIA 64, 08042 Barcelona",41.4405521,2.1735971
038,"Carrer VIOLANT D'HONGRIA 60, 08028 Barcelona",41.3785867,2.1299511
327,"Carrer TISSO 4, 08016 Barcelona",41.4428033,2.1847622
383,"Carrer GAIA 2, 08038 Barcelona",41.3623061,2.1409437
047,"Carrer SANT ANTONI MARIA CLARET 57, 08025 Barcelona",41.406639,2.168088
327,"Carrer DE PABLO IGLESIAS 112, 08016 Barcelona",41.4457469,2.1832836
079,"Carrer SANTANDER 28, 08020 Barcelona",41.4259192,2.2009137
040,"Carrer NUMANCIA 185, 08034 Barcelona",41.3908691,2.1310581
035,"Carrer LEIVA 3, 08014 Barcelona",41.3739379,2.1407853
054,"Carrer BERNAT BRANSI 38, 08032 Barcelona",41.4243901,2.1534382
055,"Carrer FASTENRATH 65, 08035 Barcelona",41.4222939,2.1455233
064,"Avinguda RASOS DE PEGUERA 70, 08033 Barcelona",41.4599452,2.1761501
043,"Carrer VICO 17, 08021 Barcelona",41.39947739999999,2.1359327
063,"Carrer NOU BARRIS 23, 08042 Barcelona",41.4480464,2.1775154
302,"Carrer DE LA CONCA 10, 08110 Barcelona",41.4762711,2.1876885
040,"Carrer DOCTOR FERRAN 7, 08034 Barcelona",41.3886521,2.1238835
070,"Carrer TURO DE LA TRINITAT 107, 08033 Barcelona",41.4526634,2.1913198
071,"Carrer WELLINGTON 52, 08005 Barcelona",41.390923,2.1880347
041,"Carrer PISUERGA 20, 08028 Barcelona",41.3775001,2.1129525
062,"Passeig VALLDAURA 166, 08042 Barcelona",41.4385283,2.1675273
050,"Avinguda VALLCARCA 188, 08023 Barcelona",41.4155247,2.1426267
395,"Carrer JORBA 27, 08030 Barcelona",41.4363664,2.1866285
071,"Carrer MARINA 20, 08005 Barcelona",41.3887355,2.1955809
331,"Carrer GRAN VIA CORTS CATALANES 1113, 08020 Barcelona",41.4177499,2.2051431
312,"Carrer MAR 18, 08930 Barcelona",41.4184033,2.2195117
396,"Carrer GUARDIOLA I FELIU 2, 08030 Barcelona",41.4386741,2.1892055
075,"Carrer INDEPENDENCIA 230, 08026 Barcelona",41.40595769999999,2.1860509
050,"Passeig MARE DE DEU DEL COLL 6, 08023 Barcelona",41.4138425,2.1448361
028,"Carrer AUSIES MARCH 163, 08013 Barcelona",41.3980833,2.1843093
040,"Travessera DE LES CORTS 190, 08028 Barcelona",41.3828631,2.1294323
302,"Rambla PAÏ?SOS CATALANS 51, 08110 Barcelona",41.4904068,2.1857301
074,"Rambla DE PRIM 45, 08019 Barcelona",41.413627,2.2157332
045,"Carrer DUQUESA D'ORLEANS 28, 08034 Barcelona",41.3984741,2.1200146
383,"Carrer TRAJA 20, 08004 Barcelona",41.3679838,2.1421472
396,"Carrer BARTRINA 7, 08030 Barcelona",41.4401464,2.1863973
071,"Carrer MARINA 69, 08005 Barcelona",41.3922705,2.1896855
022,"Avinguda ROMA 18, 08015 Barcelona",41.3808365,2.1451337
021,"Carrer CALABRIA 27, 08015 Barcelona",41.3762743,2.1592606
040,"Carrer DEU i MATA 96, 08029 Barcelona",41.3890865,2.1370896
038,"Carrer TENOR MASSINI 116, 08028 Barcelona",41.37990870000001,2.1310806
326,"Carrer AMILCAR 151, 08032 Barcelona",41.4242865,2.1727717
045,"Carrer HORT DE LA VILA 41, 08017 Barcelona",41.4000794,2.1245034
074,"Carrer BERNAT METGE 6-8, 08019 Barcelona",41.4189802,2.2104523
054,"Carrer TREVOL 2, 08032 Barcelona",41.4262032,2.1664762
331,"Carrer ANDRADE 151, 08020 Barcelona",41.4161312,2.2011553
036,"Carrer CICERO 12, 08014 Barcelona",41.3763261,2.1382943
051,"Carrer PASTEUR 1, 08024 Barcelona",41.4170623,2.1587425
077,"Carrer LOPE DE VEGA 282, 08018 Barcelona",41.412285,2.1933326
034,"Passeig ZONA FRANCA 122, 08038 Barcelona",41.3576275,2.1411512
022,"Carrer VILADOMAT 154, 08015 Barcelona",41.3826958,2.1535441
078,"Carrer MENORCA 6, 08020 Barcelona",41.4171386,2.193875
079,"Rambla PRIM 244, 08020 Barcelona",41.4248213,2.2020137
062,"Via FAVENCIA 172, 08042 Barcelona",41.4423254,2.1697482
065,"Carrer BERENGUER DE PALOU 37, 08027 Barcelona",41.42382060000001,2.1916468
036,"Carrer MIQUEL ANGEL 113, 08028 Barcelona",41.3765298,2.1286452
067,"Carrer JOAN DE GARAY 59, 08027 Barcelona",41.4199953,2.1837121
027,"Carrer BAILEN 92, 08009 Barcelona",41.3964211,2.1710853
062,"Passeig URRUTIA 113, 08042 Barcelona",41.4349665,2.1700926
074,"Carrer SANT RAMON DE PENYAFORT 3, 08019 Barcelona",41.4136298,2.2205127
065,"Avinguda MERIDIANA 344, 08027 Barcelona",41.4266857,2.1861332
074,"Carrer JOSEP PLA 184-186, 08020 Barcelona",41.4164027,2.206063
053,"Carrer MONTSERRAT DE CASANOVAS 184, 08032 Barcelona",41.4222201,2.1606148
040,"Carrer LLUÇA 22, 08028 Barcelona",41.3815746,2.1315001
065,"Rambla ONZE DE SETEMBRE 15, 08030 Barcelona",41.4298236,2.1943096
023,"Carrer CORSEGA 78-80, 08029 Barcelona",41.3853289,2.1446761
073,"Carrer GRAN VIA CORTS CATALANES 1052, 08020 Barcelona",41.4136725,2.2015938
055,"Carrer JUDEA 5, 08035 Barcelona",41.4247294,2.1406752
034,"Carrer MARE DE DEU DEL PORT 255, 08038 Barcelona",41.3587938,2.1427802
075,"Carrer VALENCIA 614 BIS, 08026 Barcelona",41.4097686,2.1863157
041,"Carrer GONZALEZ TABLAS 5, 08034 Barcelona",41.38506,2.10915
331,"Carrer MARESMA 218, 08020 Barcelona",41.4200313,2.2057312
077,"Carrer GRAN VIA CORTS CATALANES 839, 08018 Barcelona",41.4057465,2.1895881
077,"Carrer CONCILI DE TRENT 7, 08018 Barcelona",41.4106929,2.1916226
065,"Carrer TORROELLA DE MONTGRI 23, 08027 Barcelona",41.4282644,2.1859979
073,"Carrer LOPE DE VEGA 123, 08005 Barcelona",41.4054932,2.2018997
051,"Carrer ALBERT LLANAS 28, 08024 Barcelona",41.4168398,2.15809
072,"Carrer LLULL 229, 08005 Barcelona",41.40288899999999,2.204468
030,"Carrer NAPOLS 235, 08013 Barcelona",41.4004321,2.1722822
069,"Carrer LIMA 16, 08030 Barcelona",41.43903,2.20479
396,"Carrer GRAN DE SANT ANDREU 505, 08030 Barcelona",41.4435789,2.1882714
072,"Carrer LLULL 269, 08005 Barcelona",41.404854,2.2067017
071,"Carrer WELLINGTON 27, 08018 Barcelona",41.3926921,2.1849813
028,"Carrer ALI BEY 38, 08013 Barcelona",41.3934036,2.1808071
070,"Via BARCINO 61, 08033 Barcelona",41.45109679999999,2.1925659
396,"Carrer CINCA 92, 08030 Barcelona",41.4411625,2.1922944
047,"Carrer ROMANS 1, 08025 Barcelona",41.40709640000001,2.1640533
039,"Carrer MONTNEGRE 11-13, 08029 Barcelona",41.3871962,2.1382443
052,"Carrer ROSALIA DE CASTRO 52, 08025 Barcelona",41.411936,2.1728148
035,"Carrer QUETZAL 31, 08014 Barcelona",41.3677978,2.1342258
039,"Carrer BREDA 14, 08029 Barcelona",41.3861387,2.1411128
036,"Carrer ANTONI DE CAMPMANY 31, 08028 Barcelona",41.3716391,2.1315954
055,"Carrer BESOS 27, 08035 Barcelona",41.4219902,2.1481898
327,"Carrer VILA-REAL 3-5, 08033 Barcelona",41.4504268,2.1847306
038,"Carrer VIOLANT D'HONGRIA 53, 08028 Barcelona",41.3782744,2.1288275
055,"Carrer PANTA DE TREMP 63, 08032 Barcelona",41.4260025,2.1520187
062,"Ronda GUINEUETA VELLA 14, 08042 Barcelona",41.4419753,2.1614837
041,"Carrer ARISTIDES MAILLOL 9, 08028 Barcelona",41.3783411,2.1195184
035,"Carrer BADAL 25, 08014 Barcelona",41.366546,2.134006
028,"Carrer ALI BEY 131, 08013 Barcelona",41.396982,2.1852205
074,"Carrer LLULL 385, 08019 Barcelona",41.4115236,2.2154089
046,"Carrer ESCIPIO 53, 08023 Barcelona",41.4062591,2.1446547
043,"Carrer PUIG-REIG 10, 08006 Barcelona",41.4047382,2.142924
046,"Carrer OSONA 3, 08023 Barcelona",41.4078052,2.1444797
396,"Carrer FERNANDO PESSOA 9, 08030 Barcelona",41.4388055,2.1930814
041,"Gran Via CARLES III 103, 08028 Barcelona",41.3870728,2.1266776
065,"Carrer PALENCIA 35, 08027 Barcelona",41.4184281,2.1905547
041,"Avinguda XILE 42, 08028 Barcelona",41.3789382,2.1136355
074,"Rambla PRIM 25, 08019 Barcelona",41.4120161,2.2176331
044,"Ronda GENERAL MITRE 36, 08017 Barcelona",41.3939979,2.1335937
069,"Carrer BIOSCA 23, 08030 Barcelona",41.4373946,2.2066184
062,"Carrer ANTONIO MACHADO 4, 08042 Barcelona",41.441429,2.1633288
052,"Carrer LEPANTO 398, 08025 Barcelona",41.4100118,2.1697966
062,"Carrer ALSACIA 8, 08042 Barcelona",41.4376563,2.1710917
358,"Carrer MIQUEL I BADIA 12, 08024 Barcelona",41.4134243,2.1588192
383,"Carrer MINERIA 70, 08038 Barcelona",41.3677529,2.1405246
074,"Carrer GRAN VIA CORTS CATALANES 1180, 08020 Barcelona",41.4202664,2.2105186
358,"Avinguda POMPEU FABRA 2, 08024 Barcelona",41.4146388,2.1583886
074,"Carrer PARAGUAY 25, 08020 Barcelona",41.41729369999999,2.2076185
062,"Carrer ANTONIO MACHADO 18, 08042 Barcelona",41.4432909,2.1682419
358,"Travessera DE DALT 110, 08024 Barcelona",41.4114193,2.1583395
302,"Carrer CAMELIES 32, 08110 Barcelona",41.4626937,2.1692016
062,"Passeig URRUTIA 64, 08031 Barcelona",41.4352715,2.1675702
312,"Avinguda MANUEL FERNANDEZ MARQUEZ 73-75, 08930 Barcelona",41.4182286,2.2226483
302,"Passeig SANT JORDI 1-3-5, 08110 Barcelona",41.4938714,2.1812154
312,"Avinguda LA CATALANA 125, 08930 Barcelona",41.4234408,2.2218182
