,abscodi,direction,latitude,longitude
0,076,"Carrer DOS DE MAIG 288, 08025 Barcelona",41.72405,1.8175261
122,302,"Carrer MAJOR 89, 08110 Barcelona",41.4835208,2.1867812
123,302,"Carrer MAJOR 25, 08110 Barcelona",41.4854694,2.1880286
124,302,"Carrer JAUME I 26, 08110 Barcelona",41.3452115,2.0405665
248,075,"Carrer MALLORCA 519, 08026 Barcelona",41.4936096,2.1863173
249,032,"Carrer SALVA 33, 08004 Barcelona",,
250,035,"Carrer CREU COBERTA 95, 08014 Barcelona",41.3752392,2.1438519
251,049,"Carrer GRAN DE GRACIA 237, 08012 Barcelona",41.4053041,2.1507105
252,046,"Carrer TEODORA LAMADRID 27, 08022 Barcelona",,
253,024,"Gran Via CORTS CATALANES 527, 08011 Barcelona",41.398619,2.18006
254,036,"Carrer PANISSARS 13, 08028 Barcelona",41.567691,2.0909055
255,020,"Carrer XUCLA 21, 08001 Barcelona",41.3835968,2.1696695
256,072,"Carrer MARIA AGUILO 125, 08005 Barcelona",41.5354776,2.1046227
257,033,"Carrer ELKANO 70, 08004 Barcelona",,
258,018,"Carrer AMPLE 25, 08002 Barcelona",41.3800201,2.1795829
259,035,"Carrer CONSELL DE CENT 22, 08014 Barcelona",41.6874889,2.4848143
260,027,"Rambla CATALUNYA 66, 08007 Barcelona",41.3900858,2.1648249
261,027,"Passeig SANT JOAN 117, 08037 Barcelona",41.3999138,2.1687573
262,054,"Rambla CARMEL 44, 08032 Barcelona",41.4253291,2.1575799
263,027,"Carrer BAILEN 113, 08009 Barcelona",41.6030546,2.3012683
264,048,"Carrer RAMON Y CAJAL 24, 08012 Barcelona",41.5993922,2.2860218
265,017,"Carrer SOMBRERERS 19, 08003 Barcelona",,
266,021,"Carrer COMTE BORRELL 68, 08015 Barcelona",41.3467745,2.0411867
267,017,"Carrer SANT PERE MES BAIX 17, 08003 Barcelona",,
268,027,"Carrer BRUC 64, 08009 Barcelona",42.0969144,1.8390387
269,030,"Gran Via CORTS CATALANES 669 bis, 08013 Barcelona",41.398619,2.18006
270,018,"Carrer DUC DE LA VICTORIA 10, 08002 Barcelona",,
271,028,"Carrer CASP 151, 08013 Barcelona",,
272,326,"Carrer SANT ANTONI MARIA CLARET 181, 08041 Barcelona",41.5982715,2.2894702
273,028,"Gran Via CORTS CATALANES 688, 08010 Barcelona",41.398619,2.18006
274,036,"Carrer SANTS 5, 08014 Barcelona",41.460103149999995,2.2013537289572183
275,027,"Carrer PAU CLARIS 111, 08009 Barcelona",41.9137074,2.2301625
276,018,"Carrer COMTAL 25, 08002 Barcelona",41.3866909,2.1737568
277,017,"Carrer SANT PERE MES BAIX 52, 08003 Barcelona",,
278,073,"Carrer PERE IV 210, 08005 Barcelona",41.3261874,1.9362147
279,024,"Carrer CONSELL DE CENT 253, 08011 Barcelona",41.6874889,2.4848143
280,048,"Carrer VERDI 7, 08012 Barcelona",41.4541202,2.2159159
281,024,"Gran Via CORTS CATALANES 571, 08011 Barcelona",41.398619,2.18006
282,045,"Carrer MAJOR DE SARRIA 70, 08017 Barcelona",41.4004014,2.1209932
283,067,"Carrer NAVAS DE TOLOSA 375, 08041 Barcelona",41.5007921,2.0371009
284,049,"Carrer VERDI 70, 08012 Barcelona",41.4534807,2.2167992
285,018,"Carrer PORTAFERRISSA 1, 08002 Barcelona",,
286,028,"Plaça URQUINAONA 8, 08010 Barcelona",41.3887999,2.1732973
287,017,"Avinguda MARQUES DE L'ARGENTERA 5, 08003 Barcelona",41.3842359,2.1843645
288,027,"Passeig SANT JOAN 101, 08037 Barcelona",41.3999138,2.1687573
289,048,"Carrer MONTMANY 7, 08012 Barcelona",41.3408436,1.9380779
290,020,"Carrer HOSPITAL 70, 08001 Barcelona",41.6143717,2.2930851
291,032,"Carrer ROSER 28, 08004 Barcelona",41.6140586,2.6565459
292,076,"Carrer INDEPENDENCIA 345, 08026 Barcelona",41.4877858,2.1335713
293,027,"Avinguda DIAGONAL 440, 08037 Barcelona",41.397094,2.1608731
294,018,"Rambla RAMBLA 38, 08002 Barcelona",41.5399264,2.1124754
295,025,"Carrer ENRIC GRANADOS 155, 08008 Barcelona",41.3852114,1.9981774
296,025,"Rambla CATALUNYA 77, 08007 Barcelona",41.3900858,2.1648249
297,065,"Carrer SAGRERA 110, 08027 Barcelona",41.4977736,2.154396
298,019,"Carrer NOU DE RAMBLA 75, 08001 Barcelona",41.3764247,2.1715874
299,044,"Carrer TRINQUET 8-10, 08034 Barcelona",,
300,036,"Carrer BASSEGODA 11, 08028 Barcelona",,
301,076,"Passeig MARAGALL 20, 08026 Barcelona",41.4147607,2.1809627
302,046,"Avinguda REPUBLICA ARGENTINA 175, 08023 Barcelona",41.2658338,1.9573076
303,021,"Avinguda MISTRAL 66, 08015 Barcelona",41.4126124,2.1594734
304,072,"Carrer PALLARS 328, 08005 Barcelona",41.4064896,1.9547584
305,047,"Carrer BAILEN 200, 08037 Barcelona",41.6030546,2.3012683
306,047,"Carrer NAPOLS 271, 08025 Barcelona",,
307,044,"Carrer VERGÓS 5, 08017 Barcelona",41.9285564,2.2565158
309,027,"Carrer ROGER DE LLURIA 37, 08009 Barcelona",41.4840499,2.3161889
310,395,"Carrer PONS I GALLARZA 92, 08030 Barcelona",,
311,032,"Carrer BLASCO DE GARAY 10, 08004 Barcelona",,
312,043,"Carrer MUNTANER 476, 08006 Barcelona",,
313,045,"Plaça VALLVIDRERA 5, 08017 Barcelona",41.4150674,2.1074824
314,032,"Plaça SORTIDOR 7, 08004 Barcelona",41.3724681,2.1620812
315,042,"Carrer ALFONS XII 61, 08006 Barcelona",,
316,056,"Carrer FELIU I CODINA 14-18, 08031 Barcelona",,
317,019,"Rambla DEL RAVAL 14, 08001 Barcelona",41.3783535,2.1692541
318,027,"Carrer ROSSELLO 284, 08037 Barcelona",41.7320892,1.8287143
319,036,"Rambla BRASIL 14, 08028 Barcelona",,
320,048,"Carrer PLANETA 39, 08012 Barcelona",8.2830212,-75.6985766
321,033,"Carrer SANT FRUCTUOS 29, 08004 Barcelona",,
322,075,"Carrer NACIO 42, 08026 Barcelona",,
323,032,"Carrer POETA CABANYES 67, 08004 Barcelona",,
324,046,"Carrer BISBE SIVILLA 40, 08022 Barcelona",,
325,028,"Carrer ROGER DE LLURIA 17, 08010 Barcelona",41.4840499,2.3161889
326,042,"Carrer MUNTANER 356, 08021 Barcelona",,
327,017,"Carrer FONOLLAR 26, 08003 Barcelona",41.3265399,2.0538614
328,024,"Carrer PELAI 9, 08001 Barcelona",,
329,044,"Via AUGUSTA 276, 08017 Barcelona",41.3979316,2.1308773
330,018,"Carrer AVINYO 32, 08002 Barcelona",41.8254821,1.8956757
331,039,"Travessera DE LES CORTS 332, 08029 Barcelona",41.3890351,2.1391048
332,017,"Plaça DE LA LLANA 11, 08003 Barcelona",41.3852524,2.1794549
333,065,"Carrer SAGRERA 146, 08027 Barcelona",41.4977736,2.154396
334,031,"Carrer ROSSELLO 437, 08025 Barcelona",41.7320892,1.8287143
335,395,"Carrer GRAN DE SANT ANDREU 91, 08030 Barcelona",41.430256299999996,2.189464024515609
336,073,"Carrer PALLARS 231, 08005 Barcelona",41.4064896,1.9547584
337,050,"Avinguda REPUBLICA ARGENTINA 270, 08023 Barcelona",41.2658338,1.9573076
338,025,"Carrer MUNTANER 223, 08036 Barcelona",,
339,031,"Carrer CARTAGENA 267, 08025 Barcelona",41.3869457,1.9947452
340,028,"Carrer CASP 146 A, 08013 Barcelona",,
341,042,"Carrer MUNTANER 254, 08021 Barcelona",,
342,043,"Ronda GENERAL MITRE 230, 08006 Barcelona",,
343,071,"Carrer LLULL 102, 08005 Barcelona",,
344,038,"Avinguda DE MADRID 222, 08014 Barcelona",41.3815905,2.135489
345,023,"Carrer PARIS 111, 08029 Barcelona",41.4815483,2.1895314
346,016,"Carrer ANDREA DORIA 14, 08003 Barcelona",,
347,027,"Carrer CONSELL DE CENT 312, 08007 Barcelona",41.6874889,2.4848143
348,016,"Carrer MAQUINISTA 9, 08003 Barcelona",,
349,025,"Carrer ROSSELLO 215, 08008 Barcelona",41.7320892,1.8287143
350,021,"Carrer CALABRIA 61, 08015 Barcelona",,
351,075,"Carrer ROGENT 54, 08026 Barcelona",,
352,036,"Carrer DE SANTS 32-34, 08014 Barcelona",41.3753948,2.13572
353,036,"Carrer SAGUNT 83, 08014 Barcelona",,
354,072,"Carrer DOCTOR TRUETA 234, 08005 Barcelona",41.3992991,2.2046081
355,027,"Carrer ROGER DE LLURIA 123, 08037 Barcelona",41.4840499,2.3161889
356,048,"Travessera DE GRACIA 194, 08012 Barcelona",41.40293312589061,2.1604879957617724
357,047,"Carrer SANT ANTONI MARIA CLARET 40, 08025 Barcelona",41.5982715,2.2894702
358,056,"Baixada MERCAT 2, 08032 Barcelona",41.4300201,2.1605902
359,020,"Carrer HOSPITAL 42, 08001 Barcelona",41.6143717,2.2930851
360,018,"Carrer BANYS NOUS 14, 08002 Barcelona",,
361,067,"Carrer SANT ANTONI MARIA CLARET 460, 08027 Barcelona",41.5982715,2.2894702
362,018,"Carrer FERRAN 7, 08002 Barcelona",,
363,022,"Carrer ARAGO 97, 08015 Barcelona",41.2382375,1.8169809
364,023,"Carrer COMTE D'URGELL 153, 08036 Barcelona",41.3296319,1.9331417
365,017,"Carrer CARDERS 3, 08003 Barcelona",,
366,069,"Carrer SANT ADRIA 131, 08030 Barcelona",41.4204568,2.2234134
367,047,"Travessera DE GRACIA 333, 08025 Barcelona",41.4070392,2.1667083
368,395,"Plaça DE LES PALMERES 9, 08030 Barcelona",41.4327563,2.1857262
369,396,"Carrer PALOMAR 28, 08030 Barcelona",,
370,029,"Carrer ARAGO 476, 08013 Barcelona",41.2382375,1.8169809
371,070,"Carrer TORNE 12, 08033 Barcelona",41.4487819,2.1914562
372,071,"Carrer SARDENYA 61, 08018 Barcelona",41.5298238,2.0708297
373,019,"Carrer SANT PAU 112, 08001 Barcelona",41.3764244,2.1691092
374,035,"Carrer SANT ROC 26, 08014 Barcelona",41.3664815,2.0136628
375,072,"Passeig GARCIA FARIA 25, 08005 Barcelona",,
376,030,"Carrer DIPUTACIO 391-395, 08013 Barcelona",41.4399999,2.0118282
377,056,"Carrer FULTON 18, 08031 Barcelona",,
378,024,"Carrer DIPUTACIO 157, 08011 Barcelona",41.4399999,2.0118282
379,030,"Gran Via DE LES CORTS CATALANES 731, 08013 Barcelona",41.398628,2.1800918
380,020,"Ronda SANT ANTONI 12, 08001 Barcelona",41.3847746,2.1638203
381,077,"Carrer SANT JOAN DE MALTA 43, 08018 Barcelona",,
382,042,"Via AUGUSTA 113, 08006 Barcelona",41.4007269,2.146441
383,024,"Carrer GRAN VIA DE LES CORTS CATALANES 560, 08011 Barcelona",41.7181069,2.6780751
384,036,"Carrer SANT MEDIR 12, 08028 Barcelona",41.36985985,2.1376372233246173
385,032,"Carrer NOU DE LA RAMBLA 147, 08004 Barcelona",41.3727744,2.1678836
386,028,"Carrer CASP 68, 08010 Barcelona",,
387,017,"Plaça SANT AGUSTI VELL 11, 08003 Barcelona",,
388,043,"Carrer MUNTANER 393, 08021 Barcelona",,
389,020,"Carrer TALLERS 42, 08001 Barcelona",41.5536948,2.251688
390,017,"Carrer PRINCESA 7, 08003 Barcelona",42.0577009,2.2615986
391,022,"Gran Via DE LES CORTS CATALANES 469, 08015 Barcelona",41.3799039,2.1551719
392,071,"Carrer LLACUNA 100-102, 08018 Barcelona",41.6420587,2.1944653
393,017,"Plaça COMERCIAL 9, 08003 Barcelona",41.385231,2.1834787
394,027,"Passeig GRACIA 90, 08008 Barcelona",41.3979899,2.158454476517666
395,048,"Carrer LUIS ANTUNEZ 5, 08006 Barcelona",,
396,396,"Carrer GRAN DE SANT ANDREU 435, 08030 Barcelona",41.4405981,2.1883198
397,395,"Carrer GRAN DE SANT ANDREU 260, 08030 Barcelona",41.4351593,2.1897908
398,025,"Carrer PROVENÇA 156, 08036 Barcelona",41.4244026,1.7845184
399,028,"Carrer PAU CLARIS 83, 08010 Barcelona",41.3393864,2.0405075
400,020,"Ronda SANT ANTONI 88, 08001 Barcelona",41.3847746,2.1638203
401,036,"Carrer SANTS 234, 08028 Barcelona",41.4589047,2.1989002
402,036,"Carrer SANTS 151, 08028 Barcelona",41.4589047,2.1989002
403,021,"Gran Via DE LES CORTS CATALANES 424, 08015 Barcelona",41.3774696,2.1528049
404,046,"Avinguda REPUBLICA ARGENTINA 67, 08023 Barcelona",41.2658338,1.9573076
405,025,"Carrer ARIBAU 179, 08036 Barcelona",,
406,071,"Carrer DOCTOR TRUETA 147, 08005 Barcelona",41.39932975,2.2044154146448216
407,073,"Carrer PERE IV 364-370, 08019 Barcelona",41.3261874,1.9362147
408,036,"Carrer BURGOS 68, 08014 Barcelona",,
409,025,"Carrer VALENCIA 224, 08007 Barcelona",41.4301939,1.7852685
410,024,"Carrer ARAGO 260, 08007 Barcelona",41.2382375,1.8169809
411,021,"Carrer TAMARIT 89, 08015 Barcelona",41.5000794,2.1588339
412,038,"Carrer COMTES DE BELL-LLOC 140, 08014 Barcelona",,
413,077,"Carrer CLOT 114, 08018 Barcelona",,
414,036,"Carrer ALCOLEA 73, 08014 Barcelona",,
415,071,"Carrer CIUTAT DE GRANADA 81, 08005 Barcelona",41.3996416,2.1961975
416,048,"Carrer TORRENT DE L'OLLA 67, 08012 Barcelona",41.4066828,2.1518689
417,024,"Carrer VILLARROEL 53, 08011 Barcelona",,
418,030,"Plaça SAGRADA FAMILIA 7, 08013 Barcelona",41.459058150000004,2.2056871790674344
419,048,"Plaça RIUS i TAULET 4, 08012 Barcelona",41.3717774,2.1511755
420,025,"Carrer COMTE D'URGELL 132, 08011 Barcelona",41.3296319,1.9331417
421,048,"Carrer GRAN DE GRACIA 166, 08012 Barcelona",41.4024315,2.1527779
422,048,"Plaça LLIBERTAT 2, 08012 Barcelona",41.559842200000006,2.0928873557047143
423,396,"Carrer GRAN DE SANT ANDREU 306, 08030 Barcelona",41.4370825,2.1896828
424,043,"Carrer MUNTANER 510-512, 08022 Barcelona",41.3986188,2.1428749
425,042,"Carrer MUNTANER 322, 08021 Barcelona",,
426,024,"Carrer BALMES 18, 08007 Barcelona",41.481994,2.185566
427,036,"Carrer OLZINELLES 21, 08014 Barcelona",,
428,048,"Rambla DE PRAT 23, 08012 Barcelona",41.4011406,2.1516615
429,028,"Carrer AUSIAS MARC 31, 08010 Barcelona",41.9187655,2.2578549
430,071,"Avinguda DEL BOGATELL 19-21, 08005 Barcelona",41.3926887,2.1964666
431,042,"Carrer AMIGO 30, 08021 Barcelona",,
432,385,"Passeig FABRA I PUIG 210, 08016 Barcelona",41.4304722,2.1835113
433,033,"Avinguda PARAL.LEL 131, 08004 Barcelona",,
434,072,"Carrer PUJADES 247, 08005 Barcelona",41.5033762,1.8120455
435,033,"Plaça SANTA MADRONA 8-9, 08004 Barcelona",41.3770813,2.1759711
436,021,"Carrer PARLAMENT 17, 08015 Barcelona",,
437,028,"Ronda SANT PERE 15, 08010 Barcelona",41.3877901,2.1705608
438,032,"Carrer VILA VILA 57 bis, 08004 Barcelona",,
439,056,"Plaça EIVISSA 14, 08031 Barcelona",41.4301115,2.1610103
440,326,"Carrer SANT ANTONI MARIA CLARET 229, 08041 Barcelona",41.5982715,2.2894702
441,018,"Carrer JOSEP ANSELM CLAVE 3, 08002 Barcelona",41.2204579,1.7270782
442,076,"Carrer TRINXANT 65, 08026 Barcelona",,
443,067,"Carrer GARCILASO 138, 08027 Barcelona",,
444,075,"Carrer MALLORCA 591, 08026 Barcelona",41.4936096,2.1863173
445,039,"Carrer BERLIN 71, 08029 Barcelona",-33.0503882,-71.5794645
446,072,"Carrer MARIA AGUILO 53, 08005 Barcelona",41.5354776,2.1046227
447,023,"Carrer PROVENÇA 71, 08029 Barcelona",41.4244026,1.7845184
448,049,"Plaça LESSEPS 11, 08023 Barcelona",41.406916,2.1507274
449,019,"Carrer CARRETES 35, 08001 Barcelona",,
450,395,"Carrer DEL MERCAT 11, 08030 Barcelona",41.4346371,2.1890605
451,042,"Carrer FERRAN AGULLO 4, 08021 Barcelona",,
452,031,"Avinguda GAUDI 85, 08025 Barcelona",41.3802623,1.9988352
453,029,"Carrer PROVENÇA 506, 08025 Barcelona",41.4066976,2.1776182
454,027,"Passeig GRACIA 50, 08007 Barcelona",,
455,040,"Carrer SOLA 1, 08014 Barcelona",41.4701857,2.0783496
456,077,"Carrer CLOT 50, 08018 Barcelona",,
457,017,"Carrer VIA LAIETANA 40, 08003 Barcelona",41.3859602,2.1762822
458,022,"Carrer DIPUTACIO 106, 08015 Barcelona",41.4399999,2.0118282
459,031,"Carrer SARDENYA 334, 08025 Barcelona",41.5298238,2.0708297
460,025,"Carrer ENRIC GRANADOS 117, 08008 Barcelona",41.3852114,1.9981774
461,046,"Carrer BALMES 395, 08022 Barcelona",42.1044459,1.8477883
462,358,"Travessera DE DALT 91, 08024 Barcelona",41.4109954,2.1569202
463,077,"Carrer CLOT 184, 08026 Barcelona",,
464,029,"Carrer VALENCIA 418, 08013 Barcelona",41.4301939,1.7852685
465,041,"Carrer ARIZALA 48, 08028 Barcelona",,
466,018,"Plaça REGOMIR 3, 08002 Barcelona",,
467,045,"Carrer MAJOR DE SARRIA 188, 08017 Barcelona",41.4004014,2.1209932
468,047,"Carrer INDUSTRIA 80, 08025 Barcelona",41.3861731,2.0353863
469,020,"Carrer CARME 23, 08001 Barcelona",41.3924763,1.9807778
470,027,"Carrer ARAGO 286, 08009 Barcelona",41.2382375,1.8169809
471,028,"Carrer PADILLA 156, 08013 Barcelona",,
472,047,"Carrer SARDENYA 487, 08025 Barcelona",41.5298238,2.0708297
473,047,"Carrer CORSEGA 446, 08037 Barcelona",,
474,024,"Carrer ARIBAU 18, 08011 Barcelona",,
475,019,"Carrer SANT ANTONI ABAT 1, 08001 Barcelona",41.378996,2.1632515
476,025,"Carrer MUNTANER 184, 08036 Barcelona",,
477,048,"Passeig DE GRACIA 129, 08008 Barcelona",41.3975988,2.1576571
478,075,"Avinguda MERIDIANA 117, 08026 Barcelona",41.4081768,2.1865657
479,024,"Plaça CATALUNYA 1, 08002 Barcelona",41.3411325,2.0420711
480,036,"Carrer SANTS 145, 08028 Barcelona",41.4589047,2.1989002
481,018,"Rambla LA RAMBLA 44, 08002 Barcelona",41.5399264,2.1124754
482,021,"Gran Via CORTS CATALANES 470, 08015 Barcelona",41.398619,2.18006
483,025,"Carrer BALMES 94, 08008 Barcelona",42.1044459,1.8477883
484,027,"Carrer ROGER DE LLURIA 51, 08009 Barcelona",41.4840499,2.3161889
485,055,"Carrer ROIG I SOLER 5-7, 08035 Barcelona",,
486,027,"Carrer GIRONA 90, 08009 Barcelona",41.6060735,2.300879
487,048,"Carrer SANT DOMENEC 20, 08012 Barcelona",41.3345988,1.9202056
488,019,"Avinguda PARAL.LEL 48, 08001 Barcelona",,
489,075,"Carrer ARAGO 537, 08026 Barcelona",41.2382375,1.8169809
490,048,"Travessera DE GRACIA 166, 08012 Barcelona",41.40182444581347,2.1587121413659967
491,076,"Carrer MUNTANYA 79, 08026 Barcelona",41.5496566,2.4342348
492,028,"Passeig SANT JOAN 3, 08010 Barcelona",41.3999138,2.1687573
493,025,"Carrer MALLORCA 131, 08036 Barcelona",41.4936096,2.1863173
494,020,"Rambla CANALETES 121, 08002 Barcelona",,
495,016,"Carrer SANT CARLES 7, 08003 Barcelona",41.600556499999996,2.378410053268292
496,023,"Carrer PROVENÇA 39, 08029 Barcelona",41.4244026,1.7845184
497,027,"Carrer BRUC 114, 08009 Barcelona",42.0969144,1.8390387
498,020,"Carrer JOAQUIN COSTA 31, 08001 Barcelona",,
499,035,"Carrer CREU COBERTA 71, 08014 Barcelona",41.3752392,2.1438519
500,056,"Carrer PORTO 30-36, 08032 Barcelona",18.3988671,-66.1267897
501,024,"Carrer SEPULVEDA 170, 08011 Barcelona",,
502,072,"Carrer RAMON TURRO 252, 08005 Barcelona",,
503,053,"Carrer SANTUARI 53, 08032 Barcelona",42.00876875,2.2458654
504,030,"Carrer NAPOLS 258, 08025 Barcelona",,
505,016,"Carrer GINEBRA 13, 08003 Barcelona",,
506,027,"Carrer BRUC 134, 08037 Barcelona",42.0969144,1.8390387
507,024,"Carrer ARIBAU 20, 08011 Barcelona",,
508,395,"Carrer GRAN DE SANT ANDREU 186, 08030 Barcelona",41.4330099,2.1893771
509,017,"Passeig BORN 11, 08003 Barcelona",,
510,395,"Carrer LLENGUADOC 118, 08030 Barcelona",42.0405451,2.2759272
511,051,"Avinguda MARE DE DEU DE MONTSERRAT 49, 08024 Barcelona",41.3569652,1.7362397
512,017,"Carrer MONTCADA 10, 08003 Barcelona",41.6190114,2.2927717
513,046,"Carrer BALMES 431, 08022 Barcelona",42.1044459,1.8477883
514,016,"Passeig JOAN DE BORBO COMTE DE BARCELONA 33, 08003 Barcelona",41.3799608,2.1872027
515,019,"Carrer NOU DE LA RAMBLA 28, 08001 Barcelona",41.3782412,2.1732928
516,020,"Ronda SANT ANTONI 40, 08001 Barcelona",41.3847746,2.1638203
517,385,"Carrer AMILCAR 7, 08031 Barcelona",,
518,024,"Carrer MUNTANER 67 BIS, 08011 Barcelona",,
519,025,"Carrer MUNTANER 147, 08036 Barcelona",,
520,017,"Plaça SANT PERE 5, 08003 Barcelona",41.56708915,2.0184832677237354
521,077,"Gran Via CORTS CATALANES 931-941, 08018 Barcelona",,
522,030,"Carrer DIPUTACIO 336, 08009 Barcelona",41.4399999,2.0118282
523,040,"Avinguda DE SARRIA 52-54, 08029 Barcelona",41.3903206,2.1448248
524,021,"Carrer VILADOMAT 60 BIS, 08015 Barcelona",,
525,028,"Gran Via CORTS CATALANES 748, 08013 Barcelona",41.398619,2.18006
526,023,"Carrer VILADOMAT 295, 08029 Barcelona",,
527,038,"Carrer VALLESPIR 45, 08014 Barcelona",41.5908788,2.287784
528,022,"Carrer ROCAFORT 92, 08015 Barcelona",41.7979055,1.9536961
529,032,"Carrer ROSER 39, 08004 Barcelona",41.6140586,2.6565459
530,047,"Travessera DE GRACIA 235, 08012 Barcelona",41.4038731,2.1616302
531,025,"Carrer ARIBAU 62, 08011 Barcelona",,
532,017,"Avinguda FRANCESC CAMBO 12, 08003 Barcelona",41.3540164,2.1558561
533,067,"Passeig MARAGALL 170, 08027 Barcelona",41.4147607,2.1809627
534,027,"Rambla CATALUNYA 102, 08008 Barcelona",41.3929414,2.1608972
535,016,"Carrer BALUARD 34, 08003 Barcelona",,
536,031,"Avinguda GAUDI 71, 08025 Barcelona",41.3802623,1.9988352
537,027,"Carrer GIRONA 72, 08009 Barcelona",41.6060735,2.300879
538,021,"Carrer COMTE BORRELL 133, 08015 Barcelona",41.3467745,2.0411867
539,025,"Carrer CASANOVA 165, 08036 Barcelona",,
540,069,"Passatge POSOLTEGA 8 BIS, 08030 Barcelona",,
541,027,"Carrer VALENCIA 278, 08007 Barcelona",41.4301939,1.7852685
542,029,"Carrer MALLORCA 468, 08013 Barcelona",41.4936096,2.1863173
543,042,"Carrer SANTALO 53, 08021 Barcelona",,
544,027,"Carrer MALLORCA 312, 08037 Barcelona",41.4936096,2.1863173
545,021,"Avinguda MISTRAL 48, 08015 Barcelona",41.4126124,2.1594734
546,020,"Carrer PINTOR FORTUNY 31, 08001 Barcelona",41.6978056,2.4329001
547,077,"Carrer CLOT 57, 08018 Barcelona",,
548,035,"Carrer VILARDELL 9, 08014 Barcelona",42.0941893,1.9977589
549,024,"Ronda SANT ANTONI 15, 08011 Barcelona",41.3847746,2.1638203
550,062,"Carrer MIGUEL HERNANDEZ 17, 08042 Barcelona",41.4424532,2.1637111
551,030,"Carrer CONSELL DE CENT 475 BIS, 08013 Barcelona",41.6874889,2.4848143
552,018,"Carrer SANTA ANNA 21, 08002 Barcelona",41.4944437,2.1415748
553,020,"Carrer RIERA ALTA 59, 08001 Barcelona",,
554,048,"Carrer GRAN DE GRACIA 58, 08012 Barcelona",41.3994631,2.1560644
555,395,"Carrer GRAN DE SANT ANDREU 263, 08030 Barcelona",41.435584,2.1896286
556,036,"Carrer VALLESPIR 13, 08014 Barcelona",41.5908788,2.287784
557,021,"Carrer VILADOMAT 40, 08015 Barcelona",,
558,042,"Carrer BALMES 173, 08006 Barcelona",42.1044459,1.8477883
559,043,"Carrer BALMES 338, 08006 Barcelona",41.5006387,2.3442073
560,326,"Passeig MARAGALL 177, 08041 Barcelona",41.4147607,2.1809627
561,035,"Carrer OLZINELLES 71, 08014 Barcelona",,
562,027,"Carrer ROGER DE LLURIA 74, 08009 Barcelona",41.4840499,2.3161889
563,030,"Carrer VALENCIA 393, 08013 Barcelona",41.4301939,1.7852685
564,019,"Carrer SANT PAU 70, 08001 Barcelona",41.3780376,2.1708771
565,069,"Carrer POTOSI 2, 08030 Barcelona",,
566,020,"Carrer SANT ANTONI ABAT 44, 08001 Barcelona",41.378996,2.1632515
567,072,"Carrer LLULL 187, 08005 Barcelona",,
568,030,"Carrer MARINA 189, 08013 Barcelona",41.5113131,2.3574845
569,029,"Carrer VALENCIA 440, 08013 Barcelona",41.4301939,1.7852685
570,042,"Carrer BALMES 222, 08006 Barcelona",42.1044459,1.8477883
571,028,"Passeig SANT JOAN 2, 08010 Barcelona",41.3999138,2.1687573
572,038,"Carrer GALILEU 104, 08028 Barcelona",,
573,041,"Carrer COLLBLANC 154-156, 08028 Barcelona",41.3757798,2.1181101
574,047,"Carrer PI I MARGALL 5, 08024 Barcelona",41.314949,2.0180222
575,022,"Carrer COMTE D'URGELL 95, 08011 Barcelona",41.3296319,1.9331417
576,062,"Carrer VILA-SECA 39, 08031 Barcelona",42.0609449,2.2548553
577,326,"Carrer AMERICA 46, 08041 Barcelona",41.8467965,2.2263101
578,075,"Carrer MALLORCA 554, 08026 Barcelona",41.4936096,2.1863173
579,077,"Carrer CLOT 88, 08018 Barcelona",,
580,021,"Ronda SANT PAU 3, 08015 Barcelona",41.3750966,2.1681601
581,042,"Carrer AVENIR 21, 08006 Barcelona",,
582,017,"Carrer MARQUESA 3, 08003 Barcelona",,
583,033,"Gran Via CORTS CATALANES 278, 08004 Barcelona",41.398619,2.18006
584,071,"Carrer PALLARS 145, 08018 Barcelona",41.4064896,1.9547584
585,043,"Carrer SARAGOSSA 42, 08006 Barcelona",41.3341686,1.9155743
586,025,"Carrer PROVENÇA 195, 08008 Barcelona",41.4244026,1.7845184
587,025,"Carrer MUNTANER 83, 08011 Barcelona",,
588,052,"Carrer SANT ANTONI MARIA CLARET 97, 08025 Barcelona",41.5982715,2.2894702
589,076,"Carrer ROGENT 118, 08026 Barcelona",,
590,025,"Carrer ARIBAU 91, 08036 Barcelona",,
591,018,"Carrer AVINYO 27, 08002 Barcelona",41.8254821,1.8956757
592,030,"Avinguda DIAGONAL 319, 08009 Barcelona",41.3992273,2.1712509
593,019,"Rambla DEL RAVAL 2, 08001 Barcelona",41.3795773,2.1677891
594,036,"Carrer CARRERAS I CANDI 49, 08028 Barcelona",41.3754529,2.1262345
595,045,"Carrer MAJOR DE SARRIA 94, 08017 Barcelona",41.399105,2.1221902
596,018,"Rambla SANT JOSEP 98, 08002 Barcelona",,
597,025,"Carrer CASANOVA 236, 08036 Barcelona",,
598,073,"Carrer BILBAO 145, 08018 Barcelona",41.4794218,2.3066415
599,048,"Carrer MILA I FONTANALS 12, 08012 Barcelona",41.583637350000004,1.6018875960691183
600,072,"Passeig TAULAT 190-194, 08019 Barcelona",41.408436449999996,2.2177556719769242
601,020,"Carrer HOSPITAL 14, 08001 Barcelona",41.6143717,2.2930851
602,048,"Avinguda DIAGONAL 478, 08006 Barcelona",41.395838,2.1557744
603,072,"Rambla POBLENOU 21, 08005 Barcelona",41.4046882,2.1967694
604,043,"Carrer SARAGOSSA 133, 08006 Barcelona",41.3341686,1.9155743
605,048,"Plaça RASPALL 1, 08012 Barcelona",41.401192,2.1605852
606,017,"Carrer PRINCESA 20, 08003 Barcelona",42.0577009,2.2615986
607,018,"Carrer JAUME I 14, 08002 Barcelona",41.3458432,2.04093
608,020,"Ronda SANT ANTONI 106, 08001 Barcelona",41.3847746,2.1638203
609,048,"Plaça LLIBERTAT 9, 08012 Barcelona",41.559842200000006,2.0928873557047143
610,022,"Gran Via CORTS CATALANES 489, 08015 Barcelona",41.398619,2.18006
611,048,"Carrer ASTURIES 54, 08012 Barcelona",41.4006543,1.9987151
612,019,"Carrer OM 18, 08001 Barcelona",,
613,025,"Carrer ARIBAU 180, 08036 Barcelona",,
614,036,"Carrer BADAL 156, 08028 Barcelona",41.3755518,2.1289265
615,025,"Rambla CATALUNYA 117, 08008 Barcelona",41.3929414,2.1608972
616,020,"Carrer CARME 84, 08001 Barcelona",41.3924763,1.9807778
617,048,"Carrer GRAN DE GRACIA 87, 08012 Barcelona",41.4005785,2.1544588
618,045,"Passeig BONANOVA 54, 08017 Barcelona",41.399984,2.1233197
619,021,"Avinguda PARAL.LEL 124 BIS, 08015 Barcelona",,
620,049,"Avinguda REPUBLICA ARGENTINA 14, 08023 Barcelona",41.2658338,1.9573076
621,019,"Carrer CERA 30, 08001 Barcelona",,
622,048,"Carrer GRAN DE GRACIA 16, 08012 Barcelona",41.3983424,2.1573756
623,022,"Carrer CONSELL DE CENT 98, 08015 Barcelona",41.6874889,2.4848143
624,030,"Gran Via CORTS CATALANES 763, 08013 Barcelona",41.398619,2.18006
625,358,"Carrer SANT SALVADOR 125, 08024 Barcelona",41.2629326,1.9241406
626,030,"Carrer ARAGO 395, 08013 Barcelona",41.2382375,1.8169809
628,024,"Carrer ARIBAU 36, 08011 Barcelona",,
629,039,"Carrer GALILEU 250, 08028 Barcelona",,
630,038,"Carrer TENOR MASSINI 52, 08028 Barcelona",,
631,025,"Carrer MALLORCA 176, 08036 Barcelona",41.4936096,2.1863173
632,027,"Carrer DIPUTACIO 331, 08009 Barcelona",41.4399999,2.0118282
633,065,"Carrer PARE MANYANET 46, 08030 Barcelona",,
634,076,"Carrer INDUSTRIA 206, 08026 Barcelona",41.3860866,2.0354332
635,034,"Carrer FERROCARRILS CATALANS 69, 08038 Barcelona",,
636,029,"Carrer VALENCIA 470, 08013 Barcelona",41.4301939,1.7852685
637,024,"Avinguda GRAN VIA CORTS CATALANES 566, 08011 Barcelona",,
638,018,"Carrer GIGNAS 5, 08002 Barcelona",41.3807427,2.1796725
639,019,"Carrer SANT PAU 44, 08001 Barcelona",41.3778174,2.1705182
640,027,"Carrer MALLORCA 240, 08008 Barcelona",41.4936096,2.1863173
641,044,"Carrer ORIOL MESTRES 1, 08034 Barcelona",,
642,035,"Carrer CREU COBERTA 81, 08014 Barcelona",41.3752392,2.1438519
643,046,"Carrer COLLSEROLA 21, 08035 Barcelona",41.41559825,1.9689345499999993
644,042,"Plaça FRANCESC MACIA 3, 08021 Barcelona",41.3061357,1.9957409649395936
645,017,"Carrer VIA LAIETANA 50, 08003 Barcelona",41.3869997,2.174919
646,035,"Carrer PARCERISA 48, 08014 Barcelona",,
647,017,"Carrer PRINCESA 39, 08003 Barcelona",42.0577009,2.2615986
648,395,"Carrer GRAN DE SANT ANDREU 125, 08030 Barcelona",41.4313193,2.1892986
649,395,"Carrer GRAN DE SANT ANDREU 211, 08030 Barcelona",41.4337985,2.1892481
650,038,"Carrer PORTBOU 38, 08028 Barcelona",,
651,048,"Carrer GRAN DE GRACIA 115, 08012 Barcelona",41.4014693,2.1534018
652,071,"Rambla POBLENOU 134-136, 08018 Barcelona",41.4046882,2.1967694
653,027,"Passeig SANT JOAN 111, 08037 Barcelona",41.3999138,2.1687573
654,027,"Carrer BRUC 88, 08009 Barcelona",42.0969144,1.8390387
655,017,"Carrer LLUIS EL PIADOS 10, 08003 Barcelona",,
656,048,"Carrer ROS D'OLANO 15, 08012 Barcelona",,
657,050,"Carrer SANT EUDALD 56, 08023 Barcelona",41.33469125,1.9150468657772461
658,022,"Carrer ENTENÇA 129, 08015 Barcelona",41.3839818,2.1449598
659,072,"Rambla POBLENOU 46, 08005 Barcelona",41.4046882,2.1967694
660,048,"Carrer BONAVISTA 11, 08012 Barcelona",41.6509704,2.7420889
661,046,"Passeig SANT GERVASI 53, 08022 Barcelona",41.41977515,2.099805565086795
662,040,"Plaça DE LA CONCORDIA 3, 08014 Barcelona",41.3866366,2.1319566
663,046,"Carrer SANT GERVASI DE CASSOLES 10, 08022 Barcelona",41.4033293,2.1377791
664,021,"Carrer MANSO 64, 08015 Barcelona",,
665,047,"Carrer INDUSTRIA 25, 08037 Barcelona",41.3860866,2.0354332
666,025,"Carrer ARAGO 207, 08011 Barcelona",41.2382375,1.8169809
667,021,"Carrer COMTE BORRELL 43, 08015 Barcelona",41.3467745,2.0411867
668,016,"Carrer ALMIRALL CERVERA 15, 08003 Barcelona",,
669,035,"Carrer CONSTITUCIO 118, 08014 Barcelona",,
670,032,"Carrer TAPIOLES 16, 08004 Barcelona",,
671,046,"Plaça BONANOVA 6, 08022 Barcelona",41.4065889,2.1337455
672,030,"Plaça TETUAN 15, 08010 Barcelona",,
673,072,"Passatge ROVIRA 11, 08005 Barcelona",41.4041541,2.2026352
674,018,"Carrer ESCUDELLERS 8, 08002 Barcelona",,
675,072,"Carrer TAULAT 62, 08005 Barcelona",,
676,072,"Passatge ROVIRA 1, 08005 Barcelona",41.4039318,2.2023402
677,017,"Carrer CARDERS 44, 08003 Barcelona",,
678,049,"Carrer GRAN DE GRACIA 167, 08012 Barcelona",41.4030573,2.1522126
679,018,"Avinguda CATEDRAL 1, 08002 Barcelona",,
680,024,"Carrer FLORIDABLANCA 117, 08011 Barcelona",41.5397059,2.4530267
681,021,"Ronda SANT PAU 51, 08015 Barcelona",41.3750966,2.1681601
682,027,"Carrer PROVENÇA 306, 08037 Barcelona",41.4244026,1.7845184
683,027,"Passeig SANT JOAN 87, 08009 Barcelona",41.3999138,2.1687573
684,022,"Carrer ARAGO 32, 08015 Barcelona",41.2382375,1.8169809
685,052,"Carrer CASTILLEJOS 376, 08025 Barcelona",,
686,019,"Carrer UNIO 5, 08001 Barcelona",41.3960523,1.6564623
689,031,"Carrer PADILLA 295, 08025 Barcelona",,
690,046,"Passeig SANT GERVASI 24, 08022 Barcelona",,
691,047,"Carrer TORRENT DE LES FLORS 45, 08024 Barcelona",,
692,049,"Carrer VERDI 132, 08012 Barcelona",41.4534807,2.2167992
693,035,"Carrer GAVA 59, 08014 Barcelona",41.3347714,1.9231725
694,023,"Carrer COMTE BORRELL 198, 08029 Barcelona",41.3467745,2.0411867
695,044,"Passeig SANT JOAN BOSCO 57, 08017 Barcelona",41.3949635,2.1267507
696,023,"Avinguda SARRIA 31, 08029 Barcelona",41.3914151,2.1327646
698,025,"Carrer VILLARROEL 201, 08036 Barcelona",,
699,039,"Carrer GELABERT 28-30, 08029 Barcelona",,
700,043,"Carrer MARC AURELI 42-44, 08006 Barcelona",,
701,050,"Carrer MARE DE DEU DEL COLL 99, 08023 Barcelona",41.4200988,2.151613
702,044,"Carrer ANGEL GUIMERA 14, 08017 Barcelona",42.001908,2.2900545
703,395,"Carrer DOCTOR SANT PONÇ 103, 08030 Barcelona",,
704,040,"Carrer TAQUIGRAF GARRIGA 67, 08029 Barcelona",,
705,046,"Ronda GENERAL MITRE 199, 08023 Barcelona",,
706,035,"Carrer MOIANES 51, 08014 Barcelona",41.6151028,2.2895968
707,050,"Carrer GOMIS 82, 08023 Barcelona",41.4778232,1.9281579
708,054,"Carrer DANTE ALIGHIERI 66 bis, 08032 Barcelona",,
709,043,"Via AUGUSTA 242, 08021 Barcelona",41.3979548,2.1366083
710,022,"Carrer ARAGO 1, 08015 Barcelona",41.6017035,2.2860577
711,326,"Avinguda MARE DE DEU MONTSERRAT 158, 08041 Barcelona",,
712,046,"Passeig BONANOVA 43, 08022 Barcelona",41.4001391,2.1238556
713,054,"Carrer PERIS MENCHETA 55, 08032 Barcelona",,
714,385,"Passeig FABRA i PUIG 136, 08016 Barcelona",41.4304722,2.1835113
715,039,"Carrer VALLESPIR 190, 08014 Barcelona",41.5908788,2.287784
716,071,"Carrer NAPOLS 4, 08018 Barcelona",,
717,326,"Carrer TEODOR LLORENTE 4, 08041 Barcelona",,
718,029,"Carrer VALENCIA 530, 08013 Barcelona",41.4301939,1.7852685
719,044,"Carrer ROSARI 13, 08017 Barcelona",41.4458729,2.0823491
720,043,"Carrer COPERNIC 47, 08021 Barcelona",,
721,046,"Carrer MANDRI 54, 08022 Barcelona",,
722,017,"Carrer REINA CRISTINA 1, 08003 Barcelona",,
723,046,"Carrer BALLESTER 31, 08023 Barcelona",,
725,030,"Avinguda DIAGONAL 243, 08013 Barcelona",41.4016762,2.181066
726,031,"Carrer PROVENÇA 459, 08025 Barcelona",41.4244026,1.7845184
727,023,"Carrer PROVENÇA 32, 08029 Barcelona",41.4244026,1.7845184
728,049,"Travessera DE DALT 34, 08024 Barcelona",41.4087596,2.1533861
729,385,"Passeig MARAGALL 248, 08031 Barcelona",41.4147607,2.1809627
730,051,"Avinguda MARE DE DEU DE MONTSERRAT 71, 08024 Barcelona",41.3569652,1.7362397
731,049,"Carrer VALLDOREIX 7, 08024 Barcelona",41.4694653,2.0803118
733,042,"Carrer FRANCESC PEREZ I CABRERO 11, 08021 Barcelona",,
737,358,"Carrer PROVIDENCIA 128, 08024 Barcelona",41.3486509,2.0298648
738,035,"Carrer CONSTITUCIO 50, 08014 Barcelona",,
739,042,"Carrer CALVET 70, 08021 Barcelona",,
740,326,"Ronda GUINARDO 196, 08041 Barcelona",41.4225295,2.1773954
742,043,"Carrer GANDUXER 94, 08022 Barcelona",,
743,046,"Carrer BERTRAN 129, 08023 Barcelona",,
744,039,"Carrer BERLIN 107, 08029 Barcelona",-33.0503882,-71.5794645
746,033,"Carrer CONCORDIA 47, 08004 Barcelona",41.5906666,2.5797493
747,039,"Carrer LORETO 48, 08029 Barcelona",,
748,041,"Carrer BISBE CATALA 8, 08034 Barcelona",41.5801394,2.5523202
750,073,"Carrer SANT JOAN DE MALTA 111, 08018 Barcelona",,
751,395,"Carrer ROVIRA VIRGILI 6, 08030 Barcelona",,
752,326,"Carrer AMILCAR 158 BIS, 08032 Barcelona",,
753,050,"Carrer MORA D'EBRE 43, 08023 Barcelona",,
754,065,"Carrer ESPRONCEDA 363, 08027 Barcelona",41.5225171,2.1032352
755,073,"Carrer ESPRONCEDA 191, 08018 Barcelona",41.5225171,2.1032352
756,038,"Carrer JOAN GUELL 91, 08028 Barcelona",41.3843438,2.1306681
757,045,"Passeig BONANOVA 105, 08017 Barcelona",41.399984,2.1233197
758,056,"Carrer HORTA 127, 08032 Barcelona",,
761,028,"Carrer AUSIAS MARCH 93, 08013 Barcelona",41.6821942,2.4861395
762,358,"Carrer CAMELIES 22, 08024 Barcelona",41.4936885,2.1391573
764,022,"Carrer DIPUTACIO 12, 08015 Barcelona",41.4399999,2.0118282
765,076,"Carrer NAVAS DE TOLOSA 329, 08026 Barcelona",41.5007921,2.0371009
766,043,"Carrer FRANCOLI 23 BIS, 08006 Barcelona",41.4906696,1.9587809
769,358,"Carrer L'ALZINA 44, 08024 Barcelona",,
770,038,"Plaça DELS PAISOS CATALANS 3, 08014 Barcelona",41.380013250000005,2.1418399584048045
771,051,"Plaça CAN BARO 6, 08024 Barcelona",41.4162068,2.1621829
772,072,"Carrer PROVENÇALS 12, 08019 Barcelona",,
774,016,"Passeig JOAN DE BORBO 72, 08003 Barcelona",41.3799608,2.1872027
776,067,"Avinguda MERIDIANA 259, 08027 Barcelona",41.4216947,2.1864253
777,070,"Carrer TURO DE LA TRINITAT 41, 08033 Barcelona",,
778,065,"Carrer MALLORCA 663, 08027 Barcelona",41.4936096,2.1863173
779,051,"Ronda GUINARDO 31, 08024 Barcelona",41.4225295,2.1773954
780,071,"Carrer PUJADES 151, 08005 Barcelona",41.5033762,1.8120455
781,065,"Carrer VALLES I RIBOT 8, 08027 Barcelona",,
783,396,"Passeig TORRAS i BAGES 83, 08030 Barcelona",,
784,385,"Carrer CUBELLES 8, 08031 Barcelona",41.2042137,1.6760964
785,358,"Carrer SECRETARI COLOMA 92, 08024 Barcelona",,
786,035,"Carrer GRAN VIA CORTS CATALANES 347, 08014 Barcelona",,
789,071,"Carrer ZAMORA 38, 08005 Barcelona",-34.7238973,-58.4250456
790,396,"Carrer AGUSTI i MILA 38, 08030 Barcelona",,
791,041,"Carrer FELIPE DE PAZ 8, 08028 Barcelona",,
793,385,"Carrer DOCTOR PI I MOLIST 1, 08031 Barcelona",41.4354964,2.1723222
794,038,"Carrer MELCIOR DE PALAU 153 BIS, 08014 Barcelona",,
795,067,"Passeig MARAGALL 106, 08027 Barcelona",41.4147607,2.1809627
796,043,"Carrer MANDRI 6, 08022 Barcelona",,
797,051,"Avinguda Mare de Deu de MONTSERRAT 143, 08041 Barcelona",41.3569652,1.7362397
798,067,"Carrer CONCEPCIO ARENAL 124, 08027 Barcelona",,
800,071,"Avinguda DIAGONAL 197, 08018 Barcelona",41.4041791,2.1914509
801,036,"Carrer GUADIANA 39, 08014 Barcelona",,
802,041,"Carrer COMANDANT BENITEZ 30, 08028 Barcelona",,
805,044,"Carrer CAPITA ARENES 62, 08034 Barcelona",,
806,033,"Carrer GRAN VIA CORTS CATALANES 216, 08004 Barcelona",,
807,029,"Carrer CONSELL DE CENT 575, 08013 Barcelona",41.6874889,2.4848143
808,054,"Carrer DANTE ALIGHIERI 118, 08032 Barcelona",,
809,327,"Carrer FORMENTERA 44, 08016 Barcelona",41.3380064,2.0238887
810,040,"Carrer MASFERRER 16, 08028 Barcelona",,
811,039,"Carrer TAQUIGRAF SERRA 3, 08029 Barcelona",,
812,042,"Carrer TUSET 34, 08006 Barcelona",,
813,034,"Carrer MARE DE DEU DEL PORT 234, 08038 Barcelona",,
814,044,"Carrer CARDENAL SENTMENAT 37, 08017 Barcelona",,
817,041,"Carrer JORDI GIRONA 2, 08034 Barcelona",,
818,071,"Carrer JOAN MIRO 24, 08005 Barcelona",41.9263797,2.245342
820,326,"Carrer SEGLE XX 61, 08032 Barcelona",41.3953202,1.9830912
822,067,"Avinguda FELIP II 186, 08027 Barcelona",41.4203918,2.1865602
823,385,"Carrer ESCOCIA 64-66, 08016 Barcelona",42.0652147,2.2438681
825,041,"Avinguda SANT RAMON NONAT 23, 08028 Barcelona",,
827,056,"Carrer FATIMA 10, 08032 Barcelona",42.22728,-8.72223
828,072,"Carrer SELVA DEL MAR 34, 08019 Barcelona",,
831,326,"Passeig MARAGALL 75, 08041 Barcelona",41.4147607,2.1809627
833,046,"Carrer BERTRAN 39, 08023 Barcelona",,
834,039,"Carrer JOAN GUELL 174, 08028 Barcelona",41.3843438,2.1306681
835,383,"Plaça LLORCA 5, 08038 Barcelona",41.3774686,2.1908362
837,045,"Carretera SARRIA A VALLVIDRERA 82, 08017 Barcelona",,
840,029,"Carrer PROVENÇA 536, 08025 Barcelona",41.4078928,2.1792626
841,043,"Carrer LA GLEVA 9, 08006 Barcelona",42.0022859,2.2851933
842,051,"Carrer BISMARK 2, 08024 Barcelona",,
843,031,"Carrer INDUSTRIA 128, 08025 Barcelona",41.3861731,2.0353863
845,023,"Carrer CALABRIA 242-244, 08029 Barcelona",,
846,025,"Carrer CASANOVA 93, 08011 Barcelona",,
849,040,"Avinguda SARRIA 125, 08017 Barcelona",41.3914151,2.1327646
853,067,"Carrer OLESA 26, 08027 Barcelona",41.406053,1.9083672
857,028,"Carrer MARINA 121, 08013 Barcelona",41.5113131,2.3574845
861,040,"Avinguda DIAGONAL 557, 08029 Barcelona",41.3897921,2.1349026
863,043,"Carrer BERTRAND I SERRA 16, 08022 Barcelona",,
864,053,"Carrer HORTAL 41, 08032 Barcelona",41.421501,2.1519918
865,042,"Carrer VALERO 10, 08021 Barcelona",,
866,049,"Carrer SOSTRES 15, 08024 Barcelona",,
869,327,"Carrer PALAMOS 58, 08033 Barcelona",,
870,385,"Carrer PARDO 17, 08016 Barcelona",,
871,073,"Avinguda DIAGONAL 84-86, 08019 Barcelona",41.4086686,2.2073347
872,034,"Carrer SOVELLES 11, 08038 Barcelona",,
873,396,"Avinguda MERIDIANA 510, 08030 Barcelona",41.4373945,2.1851172
874,053,"Carrer PEDRELL 121, 08032 Barcelona",41.6674467,2.2555527
876,056,"Carrer FELIU I CODINA 45, 08031 Barcelona",,
877,044,"Carrer ANGLI 4 BIS, 08017 Barcelona",51.51178,-0.0836052
878,046,"Passeig SANT GERVASI 75, 08022 Barcelona",41.41977515,2.099805565086795
879,040,"Carrer MANILA 49, 08034 Barcelona",41.3899749,2.1255978
880,055,"Carrer SANTA ROSALIA 82, 08035 Barcelona",,
882,059,"Carrer MONTSANT 31-33, 08031 Barcelona",41.3208983,2.0875323
887,331,"Carrer CONCILI DE TRENTO 194, 08020 Barcelona",,
888,018,"Carrer MERCÈ 26, 08002 Barcelona",,
893,054,"Carrer SANT ALEXANDRE 37, 08031 Barcelona",,
895,059,"Carrer CADI 23, 08031 Barcelona",41.6188285,2.1803583
897,326,"Carrer VINYALS 38, 08041 Barcelona",41.4579007,2.2078944
900,049,"Carrer MARE DE DEU DEL COLL 25, 08023 Barcelona",41.4200988,2.151613
909,063,"Carrer QUARTER DE SIMANCAS 24, 08042 Barcelona",,
910,059,"Carrer ANETO 26-28, 08031 Barcelona",41.5412257,2.4340232
911,034,"Carrer FONERIA 18, 08038 Barcelona",41.3605014,2.1387683
913,326,"Passatge LLIVIA 47, 08041 Barcelona",41.4199698,2.1770784
919,054,"Carrer LLOBREGOS 140, 08032 Barcelona",,
921,327,"Carrer CHAFARINAS 12-14, 08033 Barcelona",,
923,035,"Riera BLANCA 191-193, 08014 Barcelona",41.3731405,2.1278521
924,041,"Carrer PINTOR TAPIRO 11, 08028 Barcelona",41.3771897,2.1192464
928,033,"Carrer LLEIDA 55 B, 08004 Barcelona",41.8487912,2.2204908
930,038,"Carrer RECTOR TRIADO 84, 08014 Barcelona",,
932,073,"Carrer PERE IV 209-211, 08018 Barcelona",41.3261874,1.9362147
935,326,"Carrer JULIOL 27, 08041 Barcelona",,
936,076,"Carrer FRESER 194-198, 08026 Barcelona",42.0103864,2.2945058
937,385,"Avinguda FELIP II 271, 08016 Barcelona",41.4292186,2.1755382
938,326,"Ronda GUINARDO 156-158, 08041 Barcelona",41.4225295,2.1773954
943,069,"Carrer SAS 31, 08030 Barcelona",41.8306096,1.7497233
946,074,"Carrer PERE IV 501, 08020 Barcelona",41.3261874,1.9362147
947,396,"Passeig SANTA COLOMA 29-31, 08030 Barcelona",,
948,036,"Avinguda MADRID 8, 08028 Barcelona",41.380869,2.1312591
950,042,"Carrer SANTALO 3, 08021 Barcelona",,
951,040,"Carrer EUROPA 17, 08028 Barcelona",41.5250377,1.7533454
956,078,"Carrer PROVENÇALS 256, 08020 Barcelona",,
960,051,"Carrer GRAN VISTA 135, 08032 Barcelona",41.4200872,2.160191
961,056,"Carrer SANT GAUDENCI 11, 08031 Barcelona",,
962,055,"Carrer MURTRA 8, 08032 Barcelona",,
965,050,"Passeig MARE DE DEU DEL COLL 150, 08023 Barcelona",,
971,048,"Carrer CORSEGA 369, 08037 Barcelona",,
979,039,"Carrer GUITARD 69, 08014 Barcelona",41.381727,2.1381298
980,036,"Carrer SUGRANYES 11, 08028 Barcelona",,
982,077,"Carrer VALENCIA 621, 08026 Barcelona",41.4301939,1.7852685
983,045,"Carrer CALATRAVA 77, 08017 Barcelona",,
986,042,"Via AUGUSTA 103, 08006 Barcelona",41.4010562,2.1489038
987,043,"Carrer SANT ELIES 28, 08006 Barcelona",41.495558,1.670976719281173
992,046,"Carrer CRAYWINCKEL 7, 08022 Barcelona",41.4119849,2.1394879
993,040,"Travessera DE LES CORTS 287, 08014 Barcelona",41.386026,2.1338812
994,049,"Carrer BETLEM 46, 08012 Barcelona",,
996,052,"Carrer SARDENYA 520, 08024 Barcelona",41.5298238,2.0708297
997,047,"Carrer SANT ANTONI MARIA CLARET 18, 08037 Barcelona",41.5982715,2.2894702
998,078,"Carrer SELVA DEL MAR 273, 08020 Barcelona",,
999,042,"Carrer ARIBAU 312 BIS, 08006 Barcelona",,
1000,050,"Avinguda VALLCARCA 125, 08023 Barcelona",41.4175,2.1412836
1001,403,"Carrer ALMAGRO 10, 08042 Barcelona",,
1002,074,"Carrer MARESME 104, 08019 Barcelona",41.6051683,2.6279275
1003,056,"Carrer MESTRE DALMAU 2, 08031 Barcelona",,
1005,076,"Carrer SANT QUINTI 20, 08026 Barcelona",41.8904023,1.6235716
1006,040,"Passeig MANUEL GIRONA 56, 08034 Barcelona",41.3916725,2.1258167
1008,042,"Carrer LAFORJA 56, 08006 Barcelona",,
1009,077,"Avinguda GRAN VIA CORTS CATALANES 871, 08018 Barcelona",,
1011,071,"Carrer BOLIVIA 19, 08018 Barcelona",,
1013,067,"Carrer ACACIES 57, 08027 Barcelona",41.600964,2.5163172
1014,385,"Avinguda MERIDIANA 361, 08016 Barcelona",41.4281834,2.1840991
1016,052,"Carrer PADILLA 378, 08025 Barcelona",,
1017,065,"Carrer NAVAS DE TOLOSA 270, 08027 Barcelona",41.5007921,2.0371009
1019,054,"Carrer LISBOA 9, 08032 Barcelona",,
1021,072,"Carrer JOSEP PLA 19-21, 08019 Barcelona",41.5552817,2.151016
1023,042,"Carrer AMIGO 70, 08021 Barcelona",,
1025,070,"Carrer PARE PEREZ DEL PULGAR 16, 08033 Barcelona",,
1029,331,"Rambla GUIPUSCOA 98, 08020 Barcelona",41.4188722,2.2008083
1033,039,"Carrer ENTENÇA 254, 08029 Barcelona",41.3839818,2.1449598
1034,077,"Carrer MALLORCA 621, 08026 Barcelona",41.4936096,2.1863173
1035,067,"Carrer GARCILASO 213, 08027 Barcelona",,
1036,031,"Carrer CORSEGA 526, 08025 Barcelona",,
1037,385,"Carrer ALELLA 12, 08016 Barcelona",,
1038,043,"Carrer RAVELLA 11, 08021 Barcelona",,
1040,069,"Carrer CLARIANA 16, 08030 Barcelona",41.5910274,1.4981985
1041,326,"Carrer SANT QUINTI 128, 08041 Barcelona",41.4159619,2.1744255
1042,028,"Carrer SARDENYA 184, 08013 Barcelona",41.5298238,2.0708297
1043,028,"Carrer CASP 67, 08010 Barcelona",,
1045,052,"Carrer ALCALDE MOSTOLES 33, 08025 Barcelona",,
1046,053,"Carrer LLOBREGOS 206, 08032 Barcelona",,
1047,051,"Ronda GUINARDO 77, 08024 Barcelona",41.4225295,2.1773954
1048,023,"Carrer ROSSELLO 72, 08029 Barcelona",41.4693669,2.0790521
1055,042,"Carrer BORI I FONTESTA 18, 08021 Barcelona",,
1056,073,"Avinguda DIAGONAL 111, 08005 Barcelona",41.407045,2.2028529
1057,078,"Carrer GUIPUZCOA 21 BIS, 08018 Barcelona",,
1059,326,"Avinguda Mare de Deu de MONTSERRAT 240-242, 08041 Barcelona",41.3569652,1.7362397
1066,395,"Carrer RUBEN DARIO 79, 08030 Barcelona",41.3261461,2.1016742
1068,022,"Carrer VALENCIA 90-92, 08015 Barcelona",41.4301939,1.7852685
1069,046,"Carrer GANDUXER 129, 08022 Barcelona",,
1070,036,"Plaça SANTS 9, 08028 Barcelona",41.3756916,2.1361087
1071,043,"Carrer HERZEGOVINA 4, 08021 Barcelona",,
1073,052,"Carrer PADILLA 338-340, 08025 Barcelona",,
1075,071,"Avinguda ICARIA 160, 08005 Barcelona",,
1076,069,"Carrer CAMPINS 9, 08030 Barcelona",41.6778439,2.4815231
1078,051,"Carrer CASTILLEJOS 437, 08024 Barcelona",,
1079,302,"Carrer MASIA 2, 08110 Barcelona",,
1080,041,"Carrer COLLBLANC 66, 08028 Barcelona",41.3757798,2.1181101
1082,047,"Carrer ESCORIAL 23, 08024 Barcelona",,
1084,038,"Avinguda JOSEP TARRADELLAS 3, 08029 Barcelona",41.3119429,2.0163897
1085,038,"Carrer NUMANCIA 14, 08029 Barcelona",41.7314289,1.8182818
1087,054,"Carrer GRANOLLERS 8, 08032 Barcelona",41.7304026,1.8405303
1088,027,"Passeig DE GRACIA 26, 08007 Barcelona",41.3902559,2.1677806
1089,327,"Carrer S'AGARO 3, 08033 Barcelona",41.5483428,2.4302492
1091,051,"Avinguda Mare de Deu de MONTSERRAT 109, 08024 Barcelona",41.3569652,1.7362397
1092,021,"Carrer COMTE BORRELL 7, 08015 Barcelona",41.3477243,2.0407695
1093,385,"Carrer MALADETA 7-11, 08016 Barcelona",41.3735562,2.1010434
1094,025,"Carrer CASANOVA 140, 08036 Barcelona",,
1095,078,"Carrer GUIPUSCOA 67-69, 08020 Barcelona",,
1096,043,"Avinguda PRINCEP D'ASTURIES 43-45, 08012 Barcelona",,
1098,385,"Avinguda BORBON 64, 08016 Barcelona",,
1099,051,"Carrer VALLSECA 30, 08024 Barcelona",,
1100,055,"Carrer ARENYS 108, 08035 Barcelona",,
1101,358,"Carrer PAU ALSINA 57, 08024 Barcelona",,
1102,043,"Carrer BALMES 303, 08006 Barcelona",42.1044459,1.8477883
1103,071,"Avinguda DIAGONAL 180, 08018 Barcelona",41.40542775,2.194108104760491
1104,030,"Carrer ROGER DE FLOR 240, 08025 Barcelona",41.4632118,2.2080004
1106,035,"Carrer BARTOMEU PI 26, 08014 Barcelona",41.3696251,2.1388753
1107,059,"Carrer VALL D'ORDESA 10, 08031 Barcelona",,
1110,055,"Carrer LLEDONER 2, 08035 Barcelona",41.5205083,2.2544386
1111,029,"Carrer ENAMORATS 5, 08013 Barcelona",,
1112,067,"Carrer FELIP II 112, 08027 Barcelona",41.4203918,2.1865602
1114,031,"Carrer LEPANT 330-332, 08025 Barcelona",41.4985934,2.1441239
1116,042,"Carrer LAFORJA 109, 08021 Barcelona",,
1117,302,"Avinguda CATALUNYA 65, 08110 Barcelona",41.4953527,2.1830763
1120,055,"Plaça DE MONTBAU 7, 08035 Barcelona",,
1121,074,"Carrer DEL MARESME 64, 08019 Barcelona",41.4137878,2.2139651
1122,063,"Carrer CAMPRECIOS 7, 08042 Barcelona",41.3213943,2.0185949
1126,395,"Rambla ONZE DE SETEMBRE 37, 08030 Barcelona",41.6337694,2.7041361
1127,036,"Carrer RIERA BLANCA 109-111, 08028 Barcelona",41.3731405,2.1278521
1128,067,"Carrer FELIP II 224, 08027 Barcelona",41.4203918,2.1865602
1132,395,"Carrer NADAL 42-52, 08030 Barcelona",41.5488335,2.4005884
1137,044,"Carrer RIU D'OR 33, 08034 Barcelona",,
1138,036,"Carrer TORNS 31, 08028 Barcelona",,
1139,042,"Carrer MESTRE NICOLAU 6, 08021 Barcelona",41.5011533,2.0828735
1140,044,"Ronda GENERAL MITRE 9, 08017 Barcelona",,
1141,053,"Carrer CONCA DE TREMP 64, 08032 Barcelona",,
1142,047,"Carrer INDUSTRIA 65, 08025 Barcelona",41.3861731,2.0353863
1143,044,"Plaça SANT GREGORI TAUMATURG 8, 08021 Barcelona",41.39449675,2.138047403863815
1146,312,"Carrer FEDERICO GARCIA LORCA 1, 08930 Barcelona",41.4211997,2.2123169
1147,074,"Carrer PERPINYA 25, 08019 Barcelona",,
1150,041,"Avinguda MADRID 103, 08028 Barcelona",41.380869,2.1312591
1156,063,"Carrer ALCANTARA 1, 08042 Barcelona",-36.5944102,-72.0692099911919
1158,055,"Avinguda ELIES PAGES 20, 08035 Barcelona",41.428346,2.13282
1159,042,"Via AUGUSTA 189, 08021 Barcelona",41.3978126,2.1405379
1160,326,"Carrer LUIS SAGNIER 55, 08032 Barcelona",,
1161,021,"Carrer VILADOMAT 90, 08015 Barcelona",,
1162,050,"Avinguda VALLCARCA 252, 08023 Barcelona",41.4175,2.1412836
1163,055,"Carrer SANTA ROSALIA 31, 08035 Barcelona",,
1171,059,"Passeig MARAGALL 310, 08031 Barcelona",41.4147607,2.1809627
1173,383,"Carrer MARE DE DEU DEL PORT 385, 08038 Barcelona",,
1175,065,"Carrer FELIP II 70, 08027 Barcelona",41.4203918,2.1865602
1177,069,"Carrer LLINARS DEL VALLES 5, 08030 Barcelona",41.6383547,2.4033771
1179,050,"Carrer FARIGOLA 48, 08023 Barcelona",41.6979175,1.8405728
1180,054,"Carrer RAMON ROCAFULL 95, 08032 Barcelona",,
1183,047,"Carrer ROGER DE FLOR 303, 08025 Barcelona",41.4632118,2.2080004
1184,044,"Carrer BENET MATEU 32, 08034 Barcelona",,
1185,025,"Carrer VILLARROEL 251, 08036 Barcelona",,
1188,039,"Carrer LORETO 20, 08029 Barcelona",,
1189,056,"Carrer DOCTOR LETAMENDI 13, 08031 Barcelona",,
1191,331,"Passatge ANTONI GASSOL 22, 08018 Barcelona",,
1192,074,"Carrer GRAN VIA CORTS CATALANES 1158, 08020 Barcelona",,
1193,331,"Carrer ANDRADE 198, 08020 Barcelona",,
1195,312,"Avinguda CORTS CATALANES 26, 08930 Barcelona",41.4224542,2.2134091
1197,331,"Carrer JULIAN BASTEIRO 3, 08020 Barcelona",,
1198,065,"Avinguda MERIDIANA 320 BIS, 08027 Barcelona",41.4265305,2.1854866
1200,074,"Carrer JAUME FABRE 3, 08019 Barcelona",,
1202,053,"Rambla CARMEL 82, 08032 Barcelona",41.4229812,2.1580868
1203,043,"Ronda GENERAL MITRE 121, 08022 Barcelona",,
1205,062,"Carrer GASELA 8, 08042 Barcelona",,
1206,044,"Carrer MILANESAT 1, 08017 Barcelona",,
1207,041,"Travessera DE LES CORTS 173, 08028 Barcelona",41.3823335,2.1277612
1208,055,"Carrer NAIM 1, 08035 Barcelona",,
1212,331,"Carrer FLUVIA 194, 08020 Barcelona",41.4539532,2.2486362
1213,071,"Avinguda MERIDIANA 30, 08018 Barcelona",41.3953251,2.187176
1214,074,"Rambla PRIM 74, 08019 Barcelona",41.4117594,2.2191859
1215,327,"Carrer MOLI 102 BIS, 08016 Barcelona",41.5555071,2.4055673
1217,067,"Carrer OLESA 65, 08027 Barcelona",41.406053,1.9083672
1219,049,"Avinguda VALLCARCA 32, 08023 Barcelona",41.4175,2.1412836
1220,027,"Carrer BAILEN 174 BIS, 08037 Barcelona",41.6030546,2.3012683
1221,396,"Plaça MOSSEN CLAPES 9, 08030 Barcelona",,
1222,067,"Carrer INDUSTRIA 339, 08027 Barcelona",41.3860866,2.0354332
1224,023,"Carrer ROSELLO 37, 08029 Barcelona",41.6155119,2.2891394
1226,023,"Avinguda JOSEP TARRADELLAS 46, 08029 Barcelona",41.384111,2.14274
1229,023,"Carrer VILADOMAT 198, 08029 Barcelona",,
1232,055,"Carrer ANGEL MARQUES 7, 08035 Barcelona",,
1233,078,"Carrer CANTABRIA 58, 08020 Barcelona",41.334029,2.0489027
1237,385,"Carrer FRANCESC DE BOLOS 35, 08031 Barcelona",,
1241,383,"Passeig ZONA FRANCA 226, 08038 Barcelona",41.3516376,2.1450921
1244,331,"Carrer FLUVIA 216, 08020 Barcelona",41.4539532,2.2486362
1245,055,"Carrer HARMONIA 1, 08035 Barcelona",,
1246,078,"Carrer AGRICULTURA 292, 08020 Barcelona",41.5511564,2.1028502
1247,053,"Carrer SANTUARIS 113, 08032 Barcelona",,
1250,065,"Carrer ESPRONCEDA 308, 08027 Barcelona",41.5225171,2.1032352
1256,067,"Carrer PARDO 4, 08027 Barcelona",,
1257,064,"Avinguda RASOS DE PEGUERA 129, 08033 Barcelona",41.4600184,2.1732005
1260,021,"Carrer LLANÇA 11, 08015 Barcelona",41.6446804,2.1915256
1261,358,"Carrer ESCORIAL 150, 08024 Barcelona",,
1262,051,"Carrer CAMELIES 66, 08024 Barcelona",41.4936885,2.1391573
1266,383,"Carrer ENERGIA 9, 08038 Barcelona",,
1268,383,"Carrer GRAN VIA CORTS CATALANES 130-136, 08038 Barcelona",,
1269,074,"Rambla PRIM 136, 08019 Barcelona",41.4117594,2.2191859
1270,078,"Carrer GUIPUZCOA 131, 08020 Barcelona",,
1277,078,"Carrer SANTANDER 2, 08020 Barcelona",10.148092,-64.685691
1280,063,"Carrer MINA DE LA CIUTAT 31, 08042 Barcelona",,
1281,053,"Carrer CALDERON DE LA BARCA 88, 08032 Barcelona",,
1285,053,"Carrer DOCTOR BOVE 121, 08032 Barcelona",,
1289,073,"Carrer GRAN VIA CORTS CATALANES 938, 08018 Barcelona",,
1290,074,"Carrer ALFONS V EL MAGNANIM 91, 08019 Barcelona",,
1294,079,"Carrer CONCILI DE TRENTO 318, 08020 Barcelona",,
1299,065,"Carrer AÇORES 8, 08027 Barcelona",,
1300,064,"Carrer LES AGUDES 52, 08033 Barcelona",41.7274107,2.6835673
1301,079,"Carrer GRAN VIA CORTS CATALANES 1157, 08020 Barcelona",,
1304,054,"Plaça PASTRANA 1, 08032 Barcelona",,
1306,331,"Carrer PUIGCERDA 253, 08020 Barcelona",41.495243,2.1838203
1308,039,"Avinguda JOSEP TARRADELLAS 153, 08029 Barcelona",41.3119429,2.0163897
1309,062,"Passeig VALLDAURA 184, 08042 Barcelona",41.4376326,2.156442
1310,079,"Plaça FERNANDO DE LOS RIOS 5, 08020 Barcelona",,
1318,056,"Carrer LLORET DE MAR 87, 08031 Barcelona",41.5487005,2.4284199
1319,055,"Carrer JUAN DE MENA 1-3, 08035 Barcelona",,
1320,041,"Carrer MEJIA DE LEQUERICA 46, 08028 Barcelona",,
1327,023,"Carrer PARIS 45, 08029 Barcelona",41.4815483,2.1895314
1331,040,"Passeig MANUEL GIRONA 28, 08034 Barcelona",41.3916725,2.1258167
1335,062,"Carrer GUINEUETA 19, 08042 Barcelona",41.4399106,2.1736655
1337,064,"Carrer VALLCIVERA 6-8, 08033 Barcelona",,
1343,078,"Carrer MENORCA 100, 08020 Barcelona",41.4669909,2.0444966
1346,075,"Carrer ENAMORATS 145, 08026 Barcelona",,
1347,047,"Carrer CORSEGA 507, 08025 Barcelona",,
1349,052,"Ronda GUINARDO 44 D, 08025 Barcelona",41.4225295,2.1773954
1352,050,"Passeig VALL D'HEBRON 58, 08023 Barcelona",41.435527,2.1472277
1353,049,"Carrer CAROLINES 26 bis, 08012 Barcelona",,
1354,041,"Passeig MANUEL GIRONA 4, 08034 Barcelona",41.3916725,2.1258167
1359,069,"Carrer FOC FOLLET 69, 08030 Barcelona",,
1360,065,"Carrer PACIFIC 61-63, 08027 Barcelona",,
1363,041,"Carrer RIERA BLANCA 11, 08028 Barcelona",41.3731405,2.1278521
1364,326,"Carrer XIPRER 16, 08041 Barcelona",,
1365,034,"Passeig ZONA FRANCA 156, 08038 Barcelona",41.3516376,2.1450921
1366,302,"Carrer TERRANOSTRA 37-39, 08110 Barcelona",,
1367,054,"Carrer DANTE ALIGHIERI 155, 08032 Barcelona",,
1369,041,"Avinguda CARLES III 15, 08028 Barcelona",41.5058876,2.3868728
1370,078,"Carrer JOSEP MIRET 4, 08020 Barcelona",,
1372,062,"Passeig FABRA I PUIG 439, 08042 Barcelona",41.4302372,2.1740774
1381,062,"Passeig VALLDAURA 175, 08042 Barcelona",41.4376326,2.156442
1382,383,"Avinguda GRAN VIA CORTS CATALANES 152, 08038 Barcelona",,
1383,041,"Carrer SABINO DE ARANA 20, 08028 Barcelona",,
1386,078,"Carrer MARESME 261, 08020 Barcelona",41.6051683,2.6279275
1390,041,"Avinguda DIAGONAL 635, 08028 Barcelona",41.3870796,2.1241779
1395,395,"Avinguda MERIDIANA 422, 08030 Barcelona",41.4327147,2.1835275
1396,064,"Torrent DE TAPIOLES 27, 08033 Barcelona",41.4633963,2.1834053
1397,395,"Avinguda MERIDIANA 450, 08030 Barcelona",41.4342852,2.184176250542916
1400,395,"Carrer SEGRE 19, 08030 Barcelona",41.4963543,2.1880867
1402,035,"Passatge ANDALUSIA 14, 08014 Barcelona",41.3631467,2.0262132
1404,023,"Carrer URGELL 241, 08036 Barcelona",41.5913221,2.2893188
1407,395,"Carrer SEGRE 100, 08030 Barcelona",41.4963508,2.1876048
1410,073,"Avinguda DIAGONAL 32, 08019 Barcelona",41.4102415,2.2135034
1411,044,"Carrer ESCOLES PIES 23, 08017 Barcelona",41.6123338,2.6574881
1412,042,"Via AUGUSTA 49-51, 08006 Barcelona",41.4001047,2.1515964
1415,051,"Carrer BRUSEL.LES 43, 08041 Barcelona",,
1417,049,"Avinguda COLL DEL PORTELL 55, 08024 Barcelona",,
1418,070,"Carrer MARE DE DEU DE LORDA 57, 08033 Barcelona",41.6420231,2.2301008
1420,050,"Carrer BEAT ALMATO 20, 08023 Barcelona",,
1430,078,"Carrer PUIGCERDA 292, 08020 Barcelona",41.495243,2.1838203
1437,067,"Carrer SANT ANTONI MARIA CLARET 277, 08041 Barcelona",41.5982715,2.2894702
1441,065,"Carrer CIUTAT D'ELX 11, 08027 Barcelona",,
1444,054,"Carrer ALT DE PEDRELL 58, 08032 Barcelona",41.4262273,2.1686933
1448,331,"Carrer ANDRADE 224, 08020 Barcelona",,
1450,395,"Carrer CAMIL I FABRA 5, 08030 Barcelona",,
1454,056,"Carrer PORRERA 21, 08031 Barcelona",,
1456,041,"Carrer CARDENAL REIG 22, 08028 Barcelona",41.3774031,2.1155245
1461,069,"Carrer ESTADELLA 27, 08030 Barcelona",,
1462,065,"Carrer HONDURES 63, 08027 Barcelona",,
1463,017,"Carrer ROGER DE FLOR 9 BIS, 08018 Barcelona",41.4632118,2.2080004
1467,044,"Carrer GANDUXER 5, 08021 Barcelona",,
1468,383,"Carretera PRAT 30 BIS, 08038 Barcelona",42.195979550000004,2.040275174158844
1469,079,"Carrer BINEFAR 6, 08020 Barcelona",,
1470,385,"Carrer SANT ISCLE 21, 08031 Barcelona",,
1472,045,"Carrer SAGRAT COR 8, 08034 Barcelona",41.3884622,2.1457962
1473,063,"Carrer MINA DE LA CIUTAT 91, 08042 Barcelona",,
1477,036,"Carrer PUIG I VALLS 29, 08028 Barcelona",,
1478,073,"Avinguda DIAGONAL 68, 08019 Barcelona",41.409665,2.2102339
1479,021,"Carrer ROCAFORT 49, 08015 Barcelona",41.7979055,1.9536961
1480,073,"Carrer BAC DE RODA 168, 08020 Barcelona",41.9241946,2.2616133
1481,022,"Carrer VILAMARI 106, 08015 Barcelona",42.0524411,1.8283872
1482,055,"Carrer BERRUGUETE 56, 08035 Barcelona",,
1483,383,"Carrer MINERIA 12, 08038 Barcelona",,
1484,040,"Carrer POBLA DE LILLET 20, 08028 Barcelona",42.2437379,1.9749329
1485,055,"Carrer ARENYS 25, 08035 Barcelona",,
1494,048,"Carrer TORRENT D'EN VIDALET 35, 08012 Barcelona",,
1495,028,"Carrer ROGER DE FLOR 87, 08013 Barcelona",41.4632118,2.2080004
1500,039,"Carrer NUMANCIA 84, 08029 Barcelona",41.7314289,1.8182818
1501,022,"Carrer LLANÇA 35, 08015 Barcelona",41.6446804,2.1915256
1503,079,"Carrer GRAN VIA DE LES CORTS CATALANES 1179-1181, 08020 Barcelona",41.7181069,2.6780751
1506,063,"Carrer LES TORRES 58, 08042 Barcelona",41.4469217,2.1759939
1515,040,"Gran Via CARLES III 58-60, 08028 Barcelona",41.387756,2.1266784
1520,358,"Carrer SANT JOSEP DE LA MUNTANYA 6, 08024 Barcelona",,
1522,055,"Carrer IDUMEA 14, 08035 Barcelona",,
1523,056,"Carrer CARTELLA 192, 08031 Barcelona",,
1526,396,"Carrer JOAN TORRES 21-23, 08030 Barcelona",,
1528,063,"Carrer ARTESANIA 148, 08042 Barcelona",,
1529,030,"Carrer ROGER DE FLOR 166, 08013 Barcelona",41.4632118,2.2080004
1533,031,"Carrer ROSSELLO 462, 08025 Barcelona",41.7320892,1.8287143
1534,053,"Carrer QUEIXANS 4, 08032 Barcelona",,
1537,054,"Carrer MONTSERRAT DE CASANOVAS 14, 08032 Barcelona",,
1538,032,"Passeig MONTJUIC 36, 08004 Barcelona",41.36223115,2.1608921187969514
1541,055,"Carrer HARMONIA 31, 08035 Barcelona",,
1544,032,"Carrer ALBAREDA 6-8, 08004 Barcelona",,
1545,036,"Carrer ESTERAS 28, 08028 Barcelona",,
1546,403,"Carrer ARTESANIA 64, 08042 Barcelona",,
1547,038,"Carrer VIOLANT D'HONGRIA 60, 08028 Barcelona",,
1548,327,"Carrer TISSO 4, 08016 Barcelona",41.442791,2.1847918
1552,383,"Carrer GAIA 2, 08038 Barcelona",41.49499835,2.185874742486463
1556,047,"Carrer SANT ANTONI MARIA CLARET 57, 08025 Barcelona",41.5982715,2.2894702
1557,327,"Carrer DE PABLO IGLESIAS 112, 08016 Barcelona",41.4456919,2.1832616
1558,079,"Carrer SANTANDER 28, 08020 Barcelona",10.148092,-64.685691
1561,040,"Carrer NUMANCIA 185, 08034 Barcelona",41.7314289,1.8182818
1565,035,"Carrer LEIVA 3, 08014 Barcelona",,
1567,054,"Carrer BERNAT BRANSI 38, 08032 Barcelona",,
1571,055,"Carrer FASTENRATH 65, 08035 Barcelona",41.421797,2.1525158
1572,064,"Avinguda RASOS DE PEGUERA 70, 08033 Barcelona",41.4598988,2.1761613
1573,043,"Carrer VICO 17, 08021 Barcelona",,
1582,063,"Carrer NOU BARRIS 23, 08042 Barcelona",41.4458153,2.1798006
1585,302,"Carrer DE LA CONCA 10, 08110 Barcelona",41.4763021,2.1877858
1586,040,"Carrer DOCTOR FERRAN 7, 08034 Barcelona",41.3906885,2.123491
1587,070,"Carrer TURO DE LA TRINITAT 107, 08033 Barcelona",,
1590,071,"Carrer WELLINGTON 52, 08005 Barcelona",,
1591,041,"Carrer PISUERGA 20, 08028 Barcelona",,
1595,062,"Passeig VALLDAURA 166, 08042 Barcelona",41.4376326,2.156442
1601,050,"Avinguda VALLCARCA 188, 08023 Barcelona",41.4175,2.1412836
1602,395,"Carrer JORBA 27, 08030 Barcelona",41.6014534,1.547408
1603,071,"Carrer MARINA 20, 08005 Barcelona",41.5113131,2.3574845
1605,331,"Carrer GRAN VIA CORTS CATALANES 1113, 08020 Barcelona",,
1607,312,"Carrer MAR 18, 08930 Barcelona",41.3682929,2.0979309
1615,396,"Carrer GUARDIOLA I FELIU 2, 08030 Barcelona",,
1616,075,"Carrer INDEPENDENCIA 230, 08026 Barcelona",41.4877858,2.1335713
1621,050,"Passeig MARE DE DEU DEL COLL 6, 08023 Barcelona",,
1622,028,"Carrer AUSIES MARCH 163, 08013 Barcelona",,
1623,040,"Travessera DE LES CORTS 190, 08028 Barcelona",41.3829679,2.1296664
1626,302,"Rambla PAÏ?SOS CATALANS 51, 08110 Barcelona",41.6920882,2.4477248
1629,074,"Rambla DE PRIM 45, 08019 Barcelona",41.413487,2.2158403
1635,045,"Carrer DUQUESA D'ORLEANS 28, 08034 Barcelona",,
1636,383,"Carrer TRAJA 20, 08004 Barcelona",,
1637,396,"Carrer BARTRINA 7, 08030 Barcelona",,
1645,071,"Carrer MARINA 69, 08005 Barcelona",41.5113131,2.3574845
1646,022,"Avinguda ROMA 18, 08015 Barcelona",41.4881878,2.1292572
1648,021,"Carrer CALABRIA 27, 08015 Barcelona",,
1649,040,"Carrer DEU i MATA 96, 08029 Barcelona",,
1652,038,"Carrer TENOR MASSINI 116, 08028 Barcelona",,
1653,326,"Carrer AMILCAR 151, 08032 Barcelona",,
1654,045,"Carrer HORT DE LA VILA 41, 08017 Barcelona",,
1663,074,"Carrer BERNAT METGE 6-8, 08019 Barcelona",41.3839047,2.0011746
1664,054,"Carrer TREVOL 2, 08032 Barcelona",41.3890757,2.0070574
1666,331,"Carrer ANDRADE 151, 08020 Barcelona",,
1667,036,"Carrer CICERO 12, 08014 Barcelona",,
1668,051,"Carrer PASTEUR 1, 08024 Barcelona",,
1671,077,"Carrer LOPE DE VEGA 282, 08018 Barcelona",41.4122977,2.1933087
1676,034,"Passeig ZONA FRANCA 122, 08038 Barcelona",41.3516376,2.1450921
1678,022,"Carrer VILADOMAT 154, 08015 Barcelona",,
1685,078,"Carrer MENORCA 6, 08020 Barcelona",41.4669909,2.0444966
1686,079,"Rambla PRIM 244, 08020 Barcelona",41.4117594,2.2191859
1687,062,"Via FAVENCIA 172, 08042 Barcelona",41.4421635,2.1695952
1688,065,"Carrer BERENGUER DE PALOU 37, 08027 Barcelona",,
1689,036,"Carrer MIQUEL ANGEL 113, 08028 Barcelona",41.4525566,2.0573104
1690,067,"Carrer JOAN DE GARAY 59, 08027 Barcelona",,
1692,027,"Carrer BAILEN 92, 08009 Barcelona",41.6030546,2.3012683
1696,062,"Passeig URRUTIA 113, 08042 Barcelona",,
1699,074,"Carrer SANT RAMON DE PENYAFORT 3, 08019 Barcelona",41.4163865,2.2257462
1701,065,"Avinguda MERIDIANA 344, 08027 Barcelona",41.4267364,2.1858465
1702,074,"Carrer JOSEP PLA 184-186, 08020 Barcelona",41.6202786,2.2901373
1705,053,"Carrer MONTSERRAT DE CASANOVAS 184, 08032 Barcelona",,
1710,040,"Carrer LLUÇA 22, 08028 Barcelona",42.0321212,2.4526757
1713,065,"Rambla ONZE DE SETEMBRE 15, 08030 Barcelona",41.6337694,2.7041361
1714,023,"Carrer CORSEGA 78-80, 08029 Barcelona",41.5294463,2.0700326
1715,073,"Carrer GRAN VIA CORTS CATALANES 1052, 08020 Barcelona",,
1716,055,"Carrer JUDEA 5, 08035 Barcelona",31.8517395,35.1999607
1717,034,"Carrer MARE DE DEU DEL PORT 255, 08038 Barcelona",,
1718,075,"Carrer VALENCIA 614 BIS, 08026 Barcelona",41.4301939,1.7852685
1722,041,"Carrer GONZALEZ TABLAS 5, 08034 Barcelona",,
1723,331,"Carrer MARESMA 218, 08020 Barcelona",,
1724,077,"Carrer GRAN VIA CORTS CATALANES 839, 08018 Barcelona",,
1725,077,"Carrer CONCILI DE TRENT 7, 08018 Barcelona",,
1727,065,"Carrer TORROELLA DE MONTGRI 23, 08027 Barcelona",,
1729,073,"Carrer LOPE DE VEGA 123, 08005 Barcelona",41.4055342,2.2019129
1732,051,"Carrer ALBERT LLANAS 28, 08024 Barcelona",,
1736,072,"Carrer LLULL 229, 08005 Barcelona",,
1737,030,"Carrer NAPOLS 235, 08013 Barcelona",,
1739,069,"Carrer LIMA 16, 08030 Barcelona",-11.964137,-76.9940367
1741,396,"Carrer GRAN DE SANT ANDREU 505, 08030 Barcelona",41.4435479,2.188277
1746,072,"Carrer LLULL 269, 08005 Barcelona",,
1747,071,"Carrer WELLINGTON 27, 08018 Barcelona",,
1748,028,"Carrer ALI BEY 38, 08013 Barcelona",,
1753,070,"Via BARCINO 61, 08033 Barcelona",41.4510612,2.1925738
1754,396,"Carrer CINCA 92, 08030 Barcelona",,
1761,047,"Carrer ROMANS 1, 08025 Barcelona",,
1762,039,"Carrer MONTNEGRE 11-13, 08029 Barcelona",41.5820516,2.5592595
1766,052,"Carrer ROSALIA DE CASTRO 52, 08025 Barcelona",41.3622554,2.1157344
1773,035,"Carrer QUETZAL 31, 08014 Barcelona",,
1778,039,"Carrer BREDA 14, 08029 Barcelona",41.7187667,2.5478729
1781,036,"Carrer ANTONI DE CAMPMANY 31, 08028 Barcelona",,
1782,055,"Carrer BESOS 27, 08035 Barcelona",41.338454,1.9011636341587748
1783,327,"Carrer VILA-REAL 3-5, 08033 Barcelona",,
1788,038,"Carrer VIOLANT D'HONGRIA 53, 08028 Barcelona",,
1789,055,"Carrer PANTA DE TREMP 63, 08032 Barcelona",,
1797,062,"Ronda GUINEUETA VELLA 14, 08042 Barcelona",41.4435189,2.1619855
1798,041,"Carrer ARISTIDES MAILLOL 9, 08028 Barcelona",41.5546443,2.442291550517598
1800,035,"Carrer BADAL 25, 08014 Barcelona",41.3755518,2.1289265
1802,028,"Carrer ALI BEY 131, 08013 Barcelona",,
1803,074,"Carrer LLULL 385, 08019 Barcelona",,
1804,046,"Carrer ESCIPIO 53, 08023 Barcelona",,
1809,043,"Carrer PUIG-REIG 10, 08006 Barcelona",41.9735499,1.8775308
1810,046,"Carrer OSONA 3, 08023 Barcelona",41.9999404,2.2891058
1812,396,"Carrer FERNANDO PESSOA 9, 08030 Barcelona",41.4428197,2.1929941
1813,041,"Gran Via CARLES III 103, 08028 Barcelona",41.387756,2.1266784
1818,065,"Carrer PALENCIA 35, 08027 Barcelona",,
1819,041,"Avinguda XILE 42, 08028 Barcelona",,
1821,074,"Rambla PRIM 25, 08019 Barcelona",41.4117594,2.2191859
1826,044,"Ronda GENERAL MITRE 36, 08017 Barcelona",,
1833,069,"Carrer BIOSCA 23, 08030 Barcelona",41.7796708,1.6178297
1836,062,"Carrer ANTONIO MACHADO 4, 08042 Barcelona",41.2226125,1.6941983
1839,052,"Carrer LEPANTO 398, 08025 Barcelona",41.5099611,2.1260154
1840,062,"Carrer ALSACIA 8, 08042 Barcelona",,
1844,358,"Carrer MIQUEL I BADIA 12, 08024 Barcelona",,
1849,383,"Carrer MINERIA 70, 08038 Barcelona",,
1857,074,"Carrer GRAN VIA CORTS CATALANES 1180, 08020 Barcelona",,
1864,358,"Avinguda POMPEU FABRA 2, 08024 Barcelona",41.7255289,1.8218083
1869,074,"Carrer PARAGUAY 25, 08020 Barcelona",-25.261338,-57.5528592
1878,062,"Carrer ANTONIO MACHADO 18, 08042 Barcelona",41.2218193,1.6950001
1914,358,"Travessera DE DALT 110, 08024 Barcelona",41.4114676,2.1582527
1969,302,"Carrer CAMELIES 32, 08110 Barcelona",41.495083,2.1415126
1976,062,"Passeig URRUTIA 64, 08031 Barcelona",,
2064,312,"Avinguda MANUEL FERNANDEZ MARQUEZ 73-75, 08930 Barcelona",41.4182365,2.222634
2246,302,"Passeig SANT JORDI 1-3-5, 08110 Barcelona",,
2320,312,"Avinguda LA CATALANA 125, 08930 Barcelona",41.4232221,2.22202
